2026-09-29 12:01:56.642 [MainThread  ] main           INFO  ============================================================
2026-09-29 12:01:56.643 [MainThread  ] main           INFO  ROLLOVER MARKET DATA SERVER
2026-09-29 12:01:56.643 [MainThread  ] main           INFO  Date: 2026-09-29 12:01:56
2026-09-29 12:01:56.643 [MainThread  ] main           INFO  Stocks: 19 | Total instruments: 57
2026-09-29 12:01:56.643 [MainThread  ] main           INFO  Market hours: 09:20 - 15:00 IST
2026-09-29 12:01:56.643 [MainThread  ] main           INFO  WebSocket: ws://127.0.0.1:8765
2026-09-29 12:01:56.643 [MainThread  ] main           INFO  ============================================================
2026-09-29 12:01:56.643 [MainThread  ] main           INFO  Step 1/4: Logging into Arrow...
2026-09-29 12:01:57.612 [MainThread  ] arrow_connector INFO  Login OK: ANKIT ANAND SHARMA (token expires at AG5406)
2026-09-29 12:01:57.612 [MainThread  ] main           INFO  Step 2/4: Resolving instruments...
2026-09-29 12:02:04.994 [MainThread  ] arrow_connector INFO  Loaded 190375 instruments from master
2026-09-29 12:02:05.137 [MainThread  ] arrow_connector INFO  Current expiry is today, rolling forward: cur=30-Sep-2026, next=05-Oct-2026
2026-09-29 12:02:05.137 [MainThread  ] arrow_connector INFO  Future expiries: current=30-Sep-2026, next=05-Oct-2026
2026-09-29 12:02:05.885 [MainThread  ] arrow_connector INFO  Resolved 19/57 tokens
2026-09-29 12:02:05.885 [MainThread  ] arrow_connector WARNING Missing tokens: ['RELIANCE_FUT_CUR', 'RELIANCE_FUT_NEXT', 'ADANIPORTS_FUT_CUR', 'ADANIPORTS_FUT_NEXT', 'ASTRAL_FUT_CUR', 'ASTRAL_FUT_NEXT', 'GRASIM_FUT_CUR', 'GRASIM_FUT_NEXT', 'HCLTECH_FUT_CUR', 'HCLTECH_FUT_NEXT', 'HDFCBANK_FUT_CUR', 'HDFCBANK_FUT_NEXT', 'INFOSYS_FUT_CUR', 'INFOSYS_FUT_NEXT', 'JSWSTEEL_FUT_CUR', 'JSWSTEEL_FUT_NEXT', 'MARUTI_FUT_CUR', 'MARUTI_FUT_NEXT', 'TCS_FUT_CUR', 'TCS_FUT_NEXT', 'TATASTEEL_FUT_CUR', 'TATASTEEL_FUT_NEXT', 'BAJFINANCE_FUT_CUR', 'BAJFINANCE_FUT_NEXT', 'SBIN_FUT_CUR', 'SBIN_FUT_NEXT', 'LT_FUT_CUR', 'LT_FUT_NEXT', 'HAL_FUT_CUR', 'HAL_FUT_NEXT', 'BANDHANBANK_FUT_CUR', 'BANDHANBANK_FUT_NEXT', 'AMBUJACEM_FUT_CUR', 'AMBUJACEM_FUT_NEXT', 'ADANIENT_FUT_CUR', 'ADANIENT_FUT_NEXT', 'INDUSINDBK_FUT_CUR', 'INDUSINDBK_FUT_NEXT']
2026-09-29 12:02:06.138 [MainThread  ] main           WARNING Some instruments could not be resolved. Check logs.
2026-09-29 12:02:06.138 [MainThread  ] main           INFO  Step 3/4: Starting WebSocket server...
2026-09-29 12:02:06.138 [MainThread  ] ws_server      INFO  WebSocket server thread starting on 127.0.0.1:8765
2026-09-29 12:02:06.287 [ws-server   ] ws_server      ERROR WebSocket server error: no running event loop
Traceback (most recent call last):
  File "C:\Users\Ankit\Desktop\RS FOLDER\rollover-react\market_data_server\ws_server.py", line 62, in _run_loop
    start_server = websockets.serve(
                   ^^^^^^^^^^^^^^^^^
  File "C:\Users\Ankit\AppData\Local\Programs\Python\Python312\Lib\site-packages\websockets\asyncio\server.py", line 766, in serve
    server = Server(create_server, protocol_handler, logger)
             ^^^^^^^^^^^^^^^^^^^^^^^^^^^^^^^^^^^^^^^^^^^^^^^
  File "C:\Users\Ankit\AppData\Local\Programs\Python\Python312\Lib\site-packages\websockets\asyncio\server.py", line 271, in __init__
    loop = asyncio.get_running_loop()
           ^^^^^^^^^^^^^^^^^^^^^^^^^^
RuntimeError: no running event loop
2026-09-29 12:02:07.145 [MainThread  ] main           INFO  Step 4/4: Connecting Arrow data stream...
2026-09-29 12:02:07.145 [MainThread  ] arrow_connector INFO  Feed state: DISCONNECTED -> CONNECTING  (connecting data stream)
2026-09-29 12:02:07.145 [MainThread  ] main           INFO  ALL SYSTEMS RUNNING
2026-09-29 12:02:07.145 [MainThread  ] main           INFO    WebSocket: ws://127.0.0.1:8765
2026-09-29 12:02:07.145 [MainThread  ] main           INFO    Tick data: C:\Users\Ankit\Desktop\RS FOLDER\rollover-react\market_data_server\tick_data
2026-09-29 12:02:07.145 [MainThread  ] main           INFO    Logs: C:\Users\Ankit\Desktop\RS FOLDER\rollover-react\market_data_server\logs
2026-09-29 12:02:07.302 [Thread-1 (run_forever)] websocket      INFO  Websocket connected
2026-09-29 12:02:07.309 [Thread-1 (run_forever)] websocket      ERROR error from callback <bound method DataStream._on_open of <pyarrow_client.sockets.DataStream object at 0x00000223B4F516A0>>: ArrowConnector._on_ws_connect() missing 2 required positional arguments: 'ws' and 'response'
2026-09-29 12:02:07.309 [Thread-1 (run_forever)] pyarrow_client.sockets ERROR DataStream error: ArrowConnector._on_ws_connect() missing 2 required positional arguments: 'ws' and 'response'
2026-09-29 12:02:07.309 [Thread-1 (run_forever)] pyarrow_client.sockets ERROR DataStream error: ArrowConnector._on_ws_error() missing 1 required positional argument: 'error'
2026-09-29 12:02:07.309 [Thread-1 (run_forever)] websocket      ERROR error from callback <bound method BaseSocket._on_error of <pyarrow_client.sockets.DataStream object at 0x00000223B4F516A0>>: ArrowConnector._on_ws_error() missing 1 required positional argument: 'error'
2026-09-29 12:02:07.309 [Thread-1 (run_forever)] pyarrow_client.sockets ERROR DataStream error: ArrowConnector._on_ws_error() missing 1 required positional argument: 'error'
2026-09-29 12:02:07.309 [Thread-1 (run_forever)] websocket      INFO  tearing down on exception ArrowConnector._on_ws_error() missing 1 required positional argument: 'error'
2026-09-29 12:02:07.334 [Thread-1 (run_forever)] websocket      ERROR error from callback <bound method BaseSocket._on_close of <pyarrow_client.sockets.DataStream object at 0x00000223B4F516A0>>: ArrowConnector._on_ws_close() missing 1 required positional argument: 'close_msg'
2026-09-29 12:02:07.334 [Thread-1 (run_forever)] pyarrow_client.sockets ERROR DataStream error: ArrowConnector._on_ws_close() missing 1 required positional argument: 'close_msg'
2026-09-29 12:02:08.151 [MainThread  ] main           INFO  STATUS | state=CONNECTING | instruments=0/19 | fresh=0 stale=0 | ticks=0 | written=0 | clients=0
2026-09-29 12:02:38.184 [MainThread  ] main           INFO  STATUS | state=CONNECTING | instruments=0/19 | fresh=0 stale=0 | ticks=0 | written=0 | clients=0
2026-09-29 12:04:38.333 [MainThread  ] main           INFO  ============================================================
2026-09-29 12:04:38.333 [MainThread  ] main           INFO  ROLLOVER MARKET DATA SERVER
2026-09-29 12:04:38.333 [MainThread  ] main           INFO  Date: 2026-09-29 12:04:38
2026-09-29 12:04:38.333 [MainThread  ] main           INFO  Stocks: 19 | Total instruments: 57
2026-09-29 12:04:38.333 [MainThread  ] main           INFO  Market hours: 09:20 - 15:00 IST
2026-09-29 12:04:38.333 [MainThread  ] main           INFO  WebSocket: ws://127.0.0.1:8765
2026-09-29 12:04:38.333 [MainThread  ] main           INFO  ============================================================
2026-09-29 12:04:38.333 [MainThread  ] main           INFO  Step 1/4: Logging into Arrow...
2026-09-29 12:04:39.416 [MainThread  ] arrow_connector INFO  Login OK: ANKIT ANAND SHARMA (token expires at AG5406)
2026-09-29 12:04:39.416 [MainThread  ] main           INFO  Step 2/4: Resolving instruments...
2026-09-29 12:04:44.245 [MainThread  ] arrow_connector INFO  Loaded 190375 instruments from master
2026-09-29 12:04:44.405 [MainThread  ] arrow_connector INFO  Future expiries: current=30-Sep-2026, next=30-Oct-2026
2026-09-29 12:04:45.215 [MainThread  ] arrow_connector INFO  Resolved 19/57 tokens
2026-09-29 12:04:45.215 [MainThread  ] arrow_connector WARNING Missing tokens: ['RELIANCE_FUT_CUR', 'RELIANCE_FUT_NEXT', 'ADANIPORTS_FUT_CUR', 'ADANIPORTS_FUT_NEXT', 'ASTRAL_FUT_CUR', 'ASTRAL_FUT_NEXT', 'GRASIM_FUT_CUR', 'GRASIM_FUT_NEXT', 'HCLTECH_FUT_CUR', 'HCLTECH_FUT_NEXT', 'HDFCBANK_FUT_CUR', 'HDFCBANK_FUT_NEXT', 'INFOSYS_FUT_CUR', 'INFOSYS_FUT_NEXT', 'JSWSTEEL_FUT_CUR', 'JSWSTEEL_FUT_NEXT', 'MARUTI_FUT_CUR', 'MARUTI_FUT_NEXT', 'TCS_FUT_CUR', 'TCS_FUT_NEXT', 'TATASTEEL_FUT_CUR', 'TATASTEEL_FUT_NEXT', 'BAJFINANCE_FUT_CUR', 'BAJFINANCE_FUT_NEXT', 'SBIN_FUT_CUR', 'SBIN_FUT_NEXT', 'LT_FUT_CUR', 'LT_FUT_NEXT', 'HAL_FUT_CUR', 'HAL_FUT_NEXT', 'BANDHANBANK_FUT_CUR', 'BANDHANBANK_FUT_NEXT', 'AMBUJACEM_FUT_CUR', 'AMBUJACEM_FUT_NEXT', 'ADANIENT_FUT_CUR', 'ADANIENT_FUT_NEXT', 'INDUSINDBK_FUT_CUR', 'INDUSINDBK_FUT_NEXT']
2026-09-29 12:04:45.487 [MainThread  ] main           WARNING Some instruments could not be resolved. Check logs.
2026-09-29 12:04:45.487 [MainThread  ] main           INFO  Step 3/4: Starting WebSocket server...
2026-09-29 12:04:45.487 [MainThread  ] ws_server      INFO  WebSocket server thread starting on 127.0.0.1:8765
2026-09-29 12:04:45.630 [ws-server   ] websockets.server INFO  server listening on 127.0.0.1:8765
2026-09-29 12:04:45.630 [ws-server   ] ws_server      INFO  WebSocket server listening on ws://127.0.0.1:8765
2026-09-29 12:04:46.498 [MainThread  ] main           INFO  Step 4/4: Connecting Arrow data stream...
2026-09-29 12:04:46.498 [MainThread  ] arrow_connector INFO  Feed state: DISCONNECTED -> CONNECTING  (connecting data stream)
2026-09-29 12:04:46.498 [MainThread  ] main           INFO  ALL SYSTEMS RUNNING
2026-09-29 12:04:46.498 [MainThread  ] main           INFO    WebSocket: ws://127.0.0.1:8765
2026-09-29 12:04:46.498 [MainThread  ] main           INFO    Tick data: C:\Users\Ankit\Desktop\RS FOLDER\rollover-react\market_data_server\tick_data
2026-09-29 12:04:46.498 [MainThread  ] main           INFO    Logs: C:\Users\Ankit\Desktop\RS FOLDER\rollover-react\market_data_server\logs
2026-09-29 12:04:46.847 [Thread-1 (run_forever)] websocket      INFO  Websocket connected
2026-09-29 12:04:46.847 [Thread-1 (run_forever)] arrow_connector INFO  WebSocket CONNECTED
2026-09-29 12:04:46.847 [Thread-1 (run_forever)] arrow_connector INFO  Feed state: CONNECTING -> CONNECTED  (ws connected)
2026-09-29 12:04:46.847 [Thread-1 (run_forever)] pyarrow_client.sockets INFO  Subscribed to 19 tokens in full mode
2026-09-29 12:04:46.847 [Thread-1 (run_forever)] arrow_connector INFO  Subscribed 19 tokens to DataMode.FULL
2026-09-29 12:04:46.847 [Thread-1 (run_forever)] arrow_connector INFO  Feed state: CONNECTED -> WAITING_FOR_FRESH_BOOKS  (waiting for first ticks)
2026-09-29 12:04:46.847 [Thread-1 (run_forever)] pyarrow_client.sockets INFO  DataStream connected
2026-09-29 12:04:46.847 [Thread-1 (run_forever)] pyarrow_client.sockets INFO  Subscribed to 19 tokens in full mode
2026-09-29 12:04:46.875 [Thread-1 (run_forever)] pyarrow_client.sockets ERROR Failed to parse market data: 'MarketTick' object is not iterable
2026-09-29 12:04:46.875 [Thread-1 (run_forever)] pyarrow_client.sockets ERROR Failed to parse market data: 'MarketTick' object is not iterable
2026-09-29 12:04:46.875 [Thread-1 (run_forever)] pyarrow_client.sockets ERROR Failed to parse market data: 'MarketTick' object is not iterable
2026-09-29 12:04:46.875 [Thread-1 (run_forever)] pyarrow_client.sockets ERROR Failed to parse market data: 'MarketTick' object is not iterable
2026-09-29 12:04:46.875 [Thread-1 (run_forever)] pyarrow_client.sockets ERROR Failed to parse market data: 'MarketTick' object is not iterable
2026-09-29 12:04:46.875 [Thread-1 (run_forever)] pyarrow_client.sockets ERROR Failed to parse market data: 'MarketTick' object is not iterable
2026-09-29 12:04:46.875 [Thread-1 (run_forever)] pyarrow_client.sockets ERROR Failed to parse market data: 'MarketTick' object is not iterable
2026-09-29 12:04:46.875 [Thread-1 (run_forever)] pyarrow_client.sockets ERROR Failed to parse market data: 'MarketTick' object is not iterable
2026-09-29 12:04:46.875 [Thread-1 (run_forever)] pyarrow_client.sockets ERROR Failed to parse market data: 'MarketTick' object is not iterable
2026-09-29 12:04:46.875 [Thread-1 (run_forever)] pyarrow_client.sockets ERROR Failed to parse market data: 'MarketTick' object is not iterable
2026-09-29 12:04:46.875 [Thread-1 (run_forever)] pyarrow_client.sockets ERROR Failed to parse market data: 'MarketTick' object is not iterable
2026-09-29 12:04:46.875 [Thread-1 (run_forever)] pyarrow_client.sockets ERROR Failed to parse market data: 'MarketTick' object is not iterable
2026-09-29 12:04:46.875 [Thread-1 (run_forever)] pyarrow_client.sockets ERROR Failed to parse market data: 'MarketTick' object is not iterable
2026-09-29 12:04:46.875 [Thread-1 (run_forever)] pyarrow_client.sockets ERROR Failed to parse market data: 'MarketTick' object is not iterable
2026-09-29 12:04:46.875 [Thread-1 (run_forever)] pyarrow_client.sockets ERROR Failed to parse market data: 'MarketTick' object is not iterable
2026-09-29 12:04:46.875 [Thread-1 (run_forever)] pyarrow_client.sockets ERROR Failed to parse market data: 'MarketTick' object is not iterable
2026-09-29 12:04:46.875 [Thread-1 (run_forever)] pyarrow_client.sockets ERROR Failed to parse market data: 'MarketTick' object is not iterable
2026-09-29 12:04:46.875 [Thread-1 (run_forever)] pyarrow_client.sockets ERROR Failed to parse market data: 'MarketTick' object is not iterable
2026-09-29 12:04:46.875 [Thread-1 (run_forever)] pyarrow_client.sockets ERROR Failed to parse market data: 'MarketTick' object is not iterable
2026-09-29 12:04:46.891 [Thread-1 (run_forever)] pyarrow_client.sockets ERROR Failed to parse market data: 'MarketTick' object is not iterable
2026-09-29 12:04:46.891 [Thread-1 (run_forever)] pyarrow_client.sockets ERROR Failed to parse market data: 'MarketTick' object is not iterable
2026-09-29 12:04:46.891 [Thread-1 (run_forever)] pyarrow_client.sockets ERROR Failed to parse market data: 'MarketTick' object is not iterable
2026-09-29 12:04:46.891 [Thread-1 (run_forever)] pyarrow_client.sockets ERROR Failed to parse market data: 'MarketTick' object is not iterable
2026-09-29 12:04:46.891 [Thread-1 (run_forever)] pyarrow_client.sockets ERROR Failed to parse market data: 'MarketTick' object is not iterable
2026-09-29 12:04:46.891 [Thread-1 (run_forever)] pyarrow_client.sockets ERROR Failed to parse market data: 'MarketTick' object is not iterable
2026-09-29 12:04:46.891 [Thread-1 (run_forever)] pyarrow_client.sockets ERROR Failed to parse market data: 'MarketTick' object is not iterable
2026-09-29 12:04:46.891 [Thread-1 (run_forever)] pyarrow_client.sockets ERROR Failed to parse market data: 'MarketTick' object is not iterable
2026-09-29 12:04:46.891 [Thread-1 (run_forever)] pyarrow_client.sockets ERROR Failed to parse market data: 'MarketTick' object is not iterable
2026-09-29 12:04:46.891 [Thread-1 (run_forever)] pyarrow_client.sockets ERROR Failed to parse market data: 'MarketTick' object is not iterable
2026-09-29 12:04:46.891 [Thread-1 (run_forever)] pyarrow_client.sockets ERROR Failed to parse market data: 'MarketTick' object is not iterable
2026-09-29 12:04:46.891 [Thread-1 (run_forever)] pyarrow_client.sockets ERROR Failed to parse market data: 'MarketTick' object is not iterable
2026-09-29 12:04:46.907 [Thread-1 (run_forever)] pyarrow_client.sockets ERROR Failed to parse market data: 'MarketTick' object is not iterable
2026-09-29 12:04:46.907 [Thread-1 (run_forever)] pyarrow_client.sockets ERROR Failed to parse market data: 'MarketTick' object is not iterable
2026-09-29 12:04:46.907 [Thread-1 (run_forever)] pyarrow_client.sockets ERROR Failed to parse market data: 'MarketTick' object is not iterable
2026-09-29 12:04:46.907 [Thread-1 (run_forever)] pyarrow_client.sockets ERROR Failed to parse market data: 'MarketTick' object is not iterable
2026-09-29 12:04:46.907 [Thread-1 (run_forever)] pyarrow_client.sockets ERROR Failed to parse market data: 'MarketTick' object is not iterable
2026-09-29 12:04:46.907 [Thread-1 (run_forever)] pyarrow_client.sockets ERROR Failed to parse market data: 'MarketTick' object is not iterable
2026-09-29 12:04:46.907 [Thread-1 (run_forever)] pyarrow_client.sockets ERROR Failed to parse market data: 'MarketTick' object is not iterable
2026-09-29 12:04:46.907 [Thread-1 (run_forever)] pyarrow_client.sockets ERROR Failed to parse market data: 'MarketTick' object is not iterable
2026-09-29 12:04:46.907 [Thread-1 (run_forever)] pyarrow_client.sockets ERROR Failed to parse market data: 'MarketTick' object is not iterable
2026-09-29 12:04:46.907 [Thread-1 (run_forever)] pyarrow_client.sockets ERROR Failed to parse market data: 'MarketTick' object is not iterable
2026-09-29 12:04:46.923 [Thread-1 (run_forever)] pyarrow_client.sockets ERROR Failed to parse market data: 'MarketTick' object is not iterable
2026-09-29 12:04:46.923 [Thread-1 (run_forever)] pyarrow_client.sockets ERROR Failed to parse market data: 'MarketTick' object is not iterable
2026-09-29 12:04:46.971 [Thread-1 (run_forever)] pyarrow_client.sockets ERROR Failed to parse market data: 'MarketTick' object is not iterable
2026-09-29 12:04:46.971 [Thread-1 (run_forever)] pyarrow_client.sockets ERROR Failed to parse market data: 'MarketTick' object is not iterable
2026-09-29 12:04:47.051 [Thread-1 (run_forever)] pyarrow_client.sockets ERROR Failed to parse market data: 'MarketTick' object is not iterable
2026-09-29 12:04:47.051 [Thread-1 (run_forever)] pyarrow_client.sockets ERROR Failed to parse market data: 'MarketTick' object is not iterable
2026-09-29 12:04:47.051 [Thread-1 (run_forever)] pyarrow_client.sockets ERROR Failed to parse market data: 'MarketTick' object is not iterable
2026-09-29 12:04:47.163 [Thread-1 (run_forever)] pyarrow_client.sockets ERROR Failed to parse market data: 'MarketTick' object is not iterable
2026-09-29 12:04:47.163 [Thread-1 (run_forever)] pyarrow_client.sockets ERROR Failed to parse market data: 'MarketTick' object is not iterable
2026-09-29 12:04:47.163 [Thread-1 (run_forever)] pyarrow_client.sockets ERROR Failed to parse market data: 'MarketTick' object is not iterable
2026-09-29 12:04:47.195 [Thread-1 (run_forever)] pyarrow_client.sockets ERROR Failed to parse market data: 'MarketTick' object is not iterable
2026-09-29 12:04:47.195 [Thread-1 (run_forever)] pyarrow_client.sockets ERROR Failed to parse market data: 'MarketTick' object is not iterable
2026-09-29 12:04:47.195 [Thread-1 (run_forever)] pyarrow_client.sockets ERROR Failed to parse market data: 'MarketTick' object is not iterable
2026-09-29 12:04:47.370 [Thread-1 (run_forever)] pyarrow_client.sockets ERROR Failed to parse market data: 'MarketTick' object is not iterable
2026-09-29 12:04:47.402 [Thread-1 (run_forever)] pyarrow_client.sockets ERROR Failed to parse market data: 'MarketTick' object is not iterable
2026-09-29 12:04:47.465 [Thread-1 (run_forever)] pyarrow_client.sockets ERROR Failed to parse market data: 'MarketTick' object is not iterable
2026-09-29 12:04:47.481 [Thread-1 (run_forever)] pyarrow_client.sockets ERROR Failed to parse market data: 'MarketTick' object is not iterable
2026-09-29 12:04:47.501 [MainThread  ] main           INFO  STATUS | state=WAITING_FOR_FRESH_BOOKS | instruments=0/19 | fresh=0 stale=0 | ticks=0 | written=0 | clients=0
2026-09-29 12:04:47.501 [Thread-1 (run_forever)] pyarrow_client.sockets ERROR Failed to parse market data: 'MarketTick' object is not iterable
2026-09-29 12:04:47.501 [Thread-1 (run_forever)] pyarrow_client.sockets ERROR Failed to parse market data: 'MarketTick' object is not iterable
2026-09-29 12:04:47.561 [Thread-1 (run_forever)] pyarrow_client.sockets ERROR Failed to parse market data: 'MarketTick' object is not iterable
2026-09-29 12:04:47.584 [Thread-1 (run_forever)] pyarrow_client.sockets ERROR Failed to parse market data: 'MarketTick' object is not iterable
2026-09-29 12:04:47.584 [Thread-1 (run_forever)] pyarrow_client.sockets ERROR Failed to parse market data: 'MarketTick' object is not iterable
2026-09-29 12:04:47.721 [Thread-1 (run_forever)] pyarrow_client.sockets ERROR Failed to parse market data: 'MarketTick' object is not iterable
2026-09-29 12:04:47.721 [Thread-1 (run_forever)] pyarrow_client.sockets ERROR Failed to parse market data: 'MarketTick' object is not iterable
2026-09-29 12:04:47.721 [Thread-1 (run_forever)] pyarrow_client.sockets ERROR Failed to parse market data: 'MarketTick' object is not iterable
2026-09-29 12:04:47.721 [Thread-1 (run_forever)] pyarrow_client.sockets ERROR Failed to parse market data: 'MarketTick' object is not iterable
2026-09-29 12:04:47.721 [Thread-1 (run_forever)] pyarrow_client.sockets ERROR Failed to parse market data: 'MarketTick' object is not iterable
2026-09-29 12:04:47.833 [Thread-1 (run_forever)] pyarrow_client.sockets ERROR Failed to parse market data: 'MarketTick' object is not iterable
2026-09-29 12:04:47.865 [Thread-1 (run_forever)] pyarrow_client.sockets ERROR Failed to parse market data: 'MarketTick' object is not iterable
2026-09-29 12:04:47.881 [Thread-1 (run_forever)] pyarrow_client.sockets ERROR Failed to parse market data: 'MarketTick' object is not iterable
2026-09-29 12:04:47.881 [Thread-1 (run_forever)] pyarrow_client.sockets ERROR Failed to parse market data: 'MarketTick' object is not iterable
2026-09-29 12:04:47.924 [Thread-1 (run_forever)] pyarrow_client.sockets ERROR Failed to parse market data: 'MarketTick' object is not iterable
2026-09-29 12:04:47.924 [Thread-1 (run_forever)] pyarrow_client.sockets ERROR Failed to parse market data: 'MarketTick' object is not iterable
2026-09-29 12:04:47.924 [Thread-1 (run_forever)] pyarrow_client.sockets ERROR Failed to parse market data: 'MarketTick' object is not iterable
2026-09-29 12:04:48.058 [Thread-1 (run_forever)] pyarrow_client.sockets ERROR Failed to parse market data: 'MarketTick' object is not iterable
2026-09-29 12:04:48.059 [Thread-1 (run_forever)] pyarrow_client.sockets ERROR Failed to parse market data: 'MarketTick' object is not iterable
2026-09-29 12:04:48.059 [Thread-1 (run_forever)] pyarrow_client.sockets ERROR Failed to parse market data: 'MarketTick' object is not iterable
2026-09-29 12:04:48.072 [Thread-1 (run_forever)] pyarrow_client.sockets ERROR Failed to parse market data: 'MarketTick' object is not iterable
2026-09-29 12:04:48.074 [Thread-1 (run_forever)] pyarrow_client.sockets ERROR Failed to parse market data: 'MarketTick' object is not iterable
2026-09-29 12:04:48.074 [Thread-1 (run_forever)] pyarrow_client.sockets ERROR Failed to parse market data: 'MarketTick' object is not iterable
2026-09-29 12:04:48.105 [Thread-1 (run_forever)] pyarrow_client.sockets ERROR Failed to parse market data: 'MarketTick' object is not iterable
2026-09-29 12:04:48.107 [Thread-1 (run_forever)] pyarrow_client.sockets ERROR Failed to parse market data: 'MarketTick' object is not iterable
2026-09-29 12:04:48.107 [Thread-1 (run_forever)] pyarrow_client.sockets ERROR Failed to parse market data: 'MarketTick' object is not iterable
2026-09-29 12:04:48.273 [Thread-1 (run_forever)] pyarrow_client.sockets ERROR Failed to parse market data: 'MarketTick' object is not iterable
2026-09-29 12:04:48.308 [Thread-1 (run_forever)] pyarrow_client.sockets ERROR Failed to parse market data: 'MarketTick' object is not iterable
2026-09-29 12:04:48.372 [Thread-1 (run_forever)] pyarrow_client.sockets ERROR Failed to parse market data: 'MarketTick' object is not iterable
2026-09-29 12:04:48.372 [Thread-1 (run_forever)] pyarrow_client.sockets ERROR Failed to parse market data: 'MarketTick' object is not iterable
2026-09-29 12:04:48.404 [Thread-1 (run_forever)] pyarrow_client.sockets ERROR Failed to parse market data: 'MarketTick' object is not iterable
2026-09-29 12:04:48.404 [Thread-1 (run_forever)] pyarrow_client.sockets ERROR Failed to parse market data: 'MarketTick' object is not iterable
2026-09-29 12:04:48.468 [Thread-1 (run_forever)] pyarrow_client.sockets ERROR Failed to parse market data: 'MarketTick' object is not iterable
2026-09-29 12:04:48.484 [Thread-1 (run_forever)] pyarrow_client.sockets ERROR Failed to parse market data: 'MarketTick' object is not iterable
2026-09-29 12:04:48.484 [Thread-1 (run_forever)] pyarrow_client.sockets ERROR Failed to parse market data: 'MarketTick' object is not iterable
2026-09-29 12:04:48.644 [Thread-1 (run_forever)] pyarrow_client.sockets ERROR Failed to parse market data: 'MarketTick' object is not iterable
2026-09-29 12:04:48.723 [Thread-1 (run_forever)] pyarrow_client.sockets ERROR Failed to parse market data: 'MarketTick' object is not iterable
2026-09-29 12:04:48.723 [Thread-1 (run_forever)] pyarrow_client.sockets ERROR Failed to parse market data: 'MarketTick' object is not iterable
2026-09-29 12:04:48.723 [Thread-1 (run_forever)] pyarrow_client.sockets ERROR Failed to parse market data: 'MarketTick' object is not iterable
2026-09-29 12:04:48.723 [Thread-1 (run_forever)] pyarrow_client.sockets ERROR Failed to parse market data: 'MarketTick' object is not iterable
2026-09-29 12:04:48.771 [Thread-1 (run_forever)] pyarrow_client.sockets ERROR Failed to parse market data: 'MarketTick' object is not iterable
2026-09-29 12:04:48.771 [Thread-1 (run_forever)] pyarrow_client.sockets ERROR Failed to parse market data: 'MarketTick' object is not iterable
2026-09-29 12:04:48.882 [Thread-1 (run_forever)] pyarrow_client.sockets ERROR Failed to parse market data: 'MarketTick' object is not iterable
2026-09-29 12:04:48.882 [Thread-1 (run_forever)] pyarrow_client.sockets ERROR Failed to parse market data: 'MarketTick' object is not iterable
2026-09-29 12:04:48.930 [Thread-1 (run_forever)] pyarrow_client.sockets ERROR Failed to parse market data: 'MarketTick' object is not iterable
2026-09-29 12:04:48.930 [Thread-1 (run_forever)] pyarrow_client.sockets ERROR Failed to parse market data: 'MarketTick' object is not iterable
2026-09-29 12:04:48.930 [Thread-1 (run_forever)] pyarrow_client.sockets ERROR Failed to parse market data: 'MarketTick' object is not iterable
2026-09-29 12:04:48.962 [Thread-1 (run_forever)] pyarrow_client.sockets ERROR Failed to parse market data: 'MarketTick' object is not iterable
2026-09-29 12:04:48.962 [Thread-1 (run_forever)] pyarrow_client.sockets ERROR Failed to parse market data: 'MarketTick' object is not iterable
2026-09-29 12:04:48.962 [Thread-1 (run_forever)] pyarrow_client.sockets ERROR Failed to parse market data: 'MarketTick' object is not iterable
2026-09-29 12:04:48.994 [Thread-1 (run_forever)] pyarrow_client.sockets ERROR Failed to parse market data: 'MarketTick' object is not iterable
2026-09-29 12:04:48.994 [Thread-1 (run_forever)] pyarrow_client.sockets ERROR Failed to parse market data: 'MarketTick' object is not iterable
2026-09-29 12:04:48.994 [Thread-1 (run_forever)] pyarrow_client.sockets ERROR Failed to parse market data: 'MarketTick' object is not iterable
2026-09-29 12:04:49.058 [Thread-1 (run_forever)] pyarrow_client.sockets ERROR Failed to parse market data: 'MarketTick' object is not iterable
2026-09-29 12:04:49.058 [Thread-1 (run_forever)] pyarrow_client.sockets ERROR Failed to parse market data: 'MarketTick' object is not iterable
2026-09-29 12:04:49.058 [Thread-1 (run_forever)] pyarrow_client.sockets ERROR Failed to parse market data: 'MarketTick' object is not iterable
2026-09-29 12:04:49.058 [Thread-1 (run_forever)] pyarrow_client.sockets ERROR Failed to parse market data: 'MarketTick' object is not iterable
2026-09-29 12:04:49.169 [Thread-1 (run_forever)] pyarrow_client.sockets ERROR Failed to parse market data: 'MarketTick' object is not iterable
2026-09-29 12:04:49.201 [Thread-1 (run_forever)] pyarrow_client.sockets ERROR Failed to parse market data: 'MarketTick' object is not iterable
2026-09-29 12:04:49.265 [Thread-1 (run_forever)] pyarrow_client.sockets ERROR Failed to parse market data: 'MarketTick' object is not iterable
2026-09-29 12:04:49.281 [Thread-1 (run_forever)] pyarrow_client.sockets ERROR Failed to parse market data: 'MarketTick' object is not iterable
2026-09-29 12:04:49.297 [Thread-1 (run_forever)] pyarrow_client.sockets ERROR Failed to parse market data: 'MarketTick' object is not iterable
2026-09-29 12:04:49.297 [Thread-1 (run_forever)] pyarrow_client.sockets ERROR Failed to parse market data: 'MarketTick' object is not iterable
2026-09-29 12:04:49.360 [Thread-1 (run_forever)] pyarrow_client.sockets ERROR Failed to parse market data: 'MarketTick' object is not iterable
2026-09-29 12:04:49.376 [Thread-1 (run_forever)] pyarrow_client.sockets ERROR Failed to parse market data: 'MarketTick' object is not iterable
2026-09-29 12:04:49.376 [Thread-1 (run_forever)] pyarrow_client.sockets ERROR Failed to parse market data: 'MarketTick' object is not iterable
2026-09-29 12:04:49.536 [Thread-1 (run_forever)] pyarrow_client.sockets ERROR Failed to parse market data: 'MarketTick' object is not iterable
2026-09-29 12:04:49.631 [Thread-1 (run_forever)] pyarrow_client.sockets ERROR Failed to parse market data: 'MarketTick' object is not iterable
2026-09-29 12:04:49.663 [Thread-1 (run_forever)] pyarrow_client.sockets ERROR Failed to parse market data: 'MarketTick' object is not iterable
2026-09-29 12:04:49.679 [Thread-1 (run_forever)] pyarrow_client.sockets ERROR Failed to parse market data: 'MarketTick' object is not iterable
2026-09-29 12:04:49.727 [Thread-1 (run_forever)] pyarrow_client.sockets ERROR Failed to parse market data: 'MarketTick' object is not iterable
2026-09-29 12:04:49.727 [Thread-1 (run_forever)] pyarrow_client.sockets ERROR Failed to parse market data: 'MarketTick' object is not iterable
2026-09-29 12:04:49.727 [Thread-1 (run_forever)] pyarrow_client.sockets ERROR Failed to parse market data: 'MarketTick' object is not iterable
2026-09-29 12:04:49.727 [Thread-1 (run_forever)] pyarrow_client.sockets ERROR Failed to parse market data: 'MarketTick' object is not iterable
2026-09-29 12:04:49.870 [Thread-1 (run_forever)] pyarrow_client.sockets ERROR Failed to parse market data: 'MarketTick' object is not iterable
2026-09-29 12:04:49.870 [Thread-1 (run_forever)] pyarrow_client.sockets ERROR Failed to parse market data: 'MarketTick' object is not iterable
2026-09-29 12:04:49.870 [Thread-1 (run_forever)] pyarrow_client.sockets ERROR Failed to parse market data: 'MarketTick' object is not iterable
2026-09-29 12:04:49.886 [Thread-1 (run_forever)] pyarrow_client.sockets ERROR Failed to parse market data: 'MarketTick' object is not iterable
2026-09-29 12:04:49.902 [Thread-1 (run_forever)] pyarrow_client.sockets ERROR Failed to parse market data: 'MarketTick' object is not iterable
2026-09-29 12:04:49.902 [Thread-1 (run_forever)] pyarrow_client.sockets ERROR Failed to parse market data: 'MarketTick' object is not iterable
2026-09-29 12:04:49.902 [Thread-1 (run_forever)] pyarrow_client.sockets ERROR Failed to parse market data: 'MarketTick' object is not iterable
2026-09-29 12:04:49.918 [Thread-1 (run_forever)] pyarrow_client.sockets ERROR Failed to parse market data: 'MarketTick' object is not iterable
2026-09-29 12:04:49.918 [Thread-1 (run_forever)] pyarrow_client.sockets ERROR Failed to parse market data: 'MarketTick' object is not iterable
2026-09-29 12:04:49.918 [Thread-1 (run_forever)] pyarrow_client.sockets ERROR Failed to parse market data: 'MarketTick' object is not iterable
2026-09-29 12:04:49.918 [Thread-1 (run_forever)] pyarrow_client.sockets ERROR Failed to parse market data: 'MarketTick' object is not iterable
2026-09-29 12:04:50.055 [Thread-1 (run_forever)] pyarrow_client.sockets ERROR Failed to parse market data: 'MarketTick' object is not iterable
2026-09-29 12:04:50.062 [Thread-1 (run_forever)] pyarrow_client.sockets ERROR Failed to parse market data: 'MarketTick' object is not iterable
2026-09-29 12:04:50.062 [Thread-1 (run_forever)] pyarrow_client.sockets ERROR Failed to parse market data: 'MarketTick' object is not iterable
2026-09-29 12:04:50.062 [Thread-1 (run_forever)] pyarrow_client.sockets ERROR Failed to parse market data: 'MarketTick' object is not iterable
2026-09-29 12:04:50.062 [Thread-1 (run_forever)] pyarrow_client.sockets ERROR Failed to parse market data: 'MarketTick' object is not iterable
2026-09-29 12:04:50.095 [Thread-1 (run_forever)] pyarrow_client.sockets ERROR Failed to parse market data: 'MarketTick' object is not iterable
2026-09-29 12:04:50.175 [Thread-1 (run_forever)] pyarrow_client.sockets ERROR Failed to parse market data: 'MarketTick' object is not iterable
2026-09-29 12:04:50.175 [Thread-1 (run_forever)] pyarrow_client.sockets ERROR Failed to parse market data: 'MarketTick' object is not iterable
2026-09-29 12:04:50.206 [Thread-1 (run_forever)] pyarrow_client.sockets ERROR Failed to parse market data: 'MarketTick' object is not iterable
2026-09-29 12:04:50.206 [Thread-1 (run_forever)] pyarrow_client.sockets ERROR Failed to parse market data: 'MarketTick' object is not iterable
2026-09-29 12:04:50.270 [Thread-1 (run_forever)] pyarrow_client.sockets ERROR Failed to parse market data: 'MarketTick' object is not iterable
2026-09-29 12:04:50.286 [Thread-1 (run_forever)] pyarrow_client.sockets ERROR Failed to parse market data: 'MarketTick' object is not iterable
2026-09-29 12:04:50.286 [Thread-1 (run_forever)] pyarrow_client.sockets ERROR Failed to parse market data: 'MarketTick' object is not iterable
2026-09-29 12:04:50.429 [Thread-1 (run_forever)] pyarrow_client.sockets ERROR Failed to parse market data: 'MarketTick' object is not iterable
2026-09-29 12:04:50.526 [Thread-1 (run_forever)] pyarrow_client.sockets ERROR Failed to parse market data: 'MarketTick' object is not iterable
2026-09-29 12:04:50.576 [Thread-1 (run_forever)] pyarrow_client.sockets ERROR Failed to parse market data: 'MarketTick' object is not iterable
2026-09-29 12:04:50.576 [Thread-1 (run_forever)] pyarrow_client.sockets ERROR Failed to parse market data: 'MarketTick' object is not iterable
2026-09-29 12:04:50.717 [Thread-1 (run_forever)] pyarrow_client.sockets ERROR Failed to parse market data: 'MarketTick' object is not iterable
2026-09-29 12:04:50.717 [Thread-1 (run_forever)] pyarrow_client.sockets ERROR Failed to parse market data: 'MarketTick' object is not iterable
2026-09-29 12:04:50.717 [Thread-1 (run_forever)] pyarrow_client.sockets ERROR Failed to parse market data: 'MarketTick' object is not iterable
2026-09-29 12:04:50.717 [Thread-1 (run_forever)] pyarrow_client.sockets ERROR Failed to parse market data: 'MarketTick' object is not iterable
2026-09-29 12:04:50.717 [Thread-1 (run_forever)] pyarrow_client.sockets ERROR Failed to parse market data: 'MarketTick' object is not iterable
2026-09-29 12:04:50.764 [Thread-1 (run_forever)] pyarrow_client.sockets ERROR Failed to parse market data: 'MarketTick' object is not iterable
2026-09-29 12:04:50.764 [Thread-1 (run_forever)] pyarrow_client.sockets ERROR Failed to parse market data: 'MarketTick' object is not iterable
2026-09-29 12:04:50.764 [Thread-1 (run_forever)] pyarrow_client.sockets ERROR Failed to parse market data: 'MarketTick' object is not iterable
2026-09-29 12:04:50.796 [Thread-1 (run_forever)] pyarrow_client.sockets ERROR Failed to parse market data: 'MarketTick' object is not iterable
2026-09-29 12:04:50.796 [Thread-1 (run_forever)] pyarrow_client.sockets ERROR Failed to parse market data: 'MarketTick' object is not iterable
2026-09-29 12:04:50.796 [Thread-1 (run_forever)] pyarrow_client.sockets ERROR Failed to parse market data: 'MarketTick' object is not iterable
2026-09-29 12:04:50.892 [Thread-1 (run_forever)] pyarrow_client.sockets ERROR Failed to parse market data: 'MarketTick' object is not iterable
2026-09-29 12:04:50.924 [Thread-1 (run_forever)] pyarrow_client.sockets ERROR Failed to parse market data: 'MarketTick' object is not iterable
2026-09-29 12:04:50.924 [Thread-1 (run_forever)] pyarrow_client.sockets ERROR Failed to parse market data: 'MarketTick' object is not iterable
2026-09-29 12:04:50.924 [Thread-1 (run_forever)] pyarrow_client.sockets ERROR Failed to parse market data: 'MarketTick' object is not iterable
2026-09-29 12:04:50.971 [Thread-1 (run_forever)] pyarrow_client.sockets ERROR Failed to parse market data: 'MarketTick' object is not iterable
2026-09-29 12:04:51.003 [Thread-1 (run_forever)] pyarrow_client.sockets ERROR Failed to parse market data: 'MarketTick' object is not iterable
2026-09-29 12:04:51.058 [Thread-1 (run_forever)] pyarrow_client.sockets ERROR Failed to parse market data: 'MarketTick' object is not iterable
2026-09-29 12:04:51.058 [Thread-1 (run_forever)] pyarrow_client.sockets ERROR Failed to parse market data: 'MarketTick' object is not iterable
2026-09-29 12:04:51.058 [Thread-1 (run_forever)] pyarrow_client.sockets ERROR Failed to parse market data: 'MarketTick' object is not iterable
2026-09-29 12:04:51.066 [Thread-1 (run_forever)] pyarrow_client.sockets ERROR Failed to parse market data: 'MarketTick' object is not iterable
2026-09-29 12:04:51.082 [Thread-1 (run_forever)] pyarrow_client.sockets ERROR Failed to parse market data: 'MarketTick' object is not iterable
2026-09-29 12:04:51.098 [Thread-1 (run_forever)] pyarrow_client.sockets ERROR Failed to parse market data: 'MarketTick' object is not iterable
2026-09-29 12:04:51.098 [Thread-1 (run_forever)] pyarrow_client.sockets ERROR Failed to parse market data: 'MarketTick' object is not iterable
2026-09-29 12:04:51.162 [Thread-1 (run_forever)] pyarrow_client.sockets ERROR Failed to parse market data: 'MarketTick' object is not iterable
2026-09-29 12:04:51.178 [Thread-1 (run_forever)] pyarrow_client.sockets ERROR Failed to parse market data: 'MarketTick' object is not iterable
2026-09-29 12:04:51.193 [Thread-1 (run_forever)] pyarrow_client.sockets ERROR Failed to parse market data: 'MarketTick' object is not iterable
2026-09-29 12:04:51.321 [Thread-1 (run_forever)] pyarrow_client.sockets ERROR Failed to parse market data: 'MarketTick' object is not iterable
2026-09-29 12:04:51.433 [Thread-1 (run_forever)] pyarrow_client.sockets ERROR Failed to parse market data: 'MarketTick' object is not iterable
2026-09-29 12:04:51.465 [Thread-1 (run_forever)] pyarrow_client.sockets ERROR Failed to parse market data: 'MarketTick' object is not iterable
2026-09-29 12:04:51.481 [Thread-1 (run_forever)] pyarrow_client.sockets ERROR Failed to parse market data: 'MarketTick' object is not iterable
2026-09-29 12:04:51.672 [Thread-1 (run_forever)] pyarrow_client.sockets ERROR Failed to parse market data: 'MarketTick' object is not iterable
2026-09-29 12:04:51.672 [Thread-1 (run_forever)] pyarrow_client.sockets ERROR Failed to parse market data: 'MarketTick' object is not iterable
2026-09-29 12:04:51.672 [Thread-1 (run_forever)] pyarrow_client.sockets ERROR Failed to parse market data: 'MarketTick' object is not iterable
2026-09-29 12:04:51.704 [Thread-1 (run_forever)] pyarrow_client.sockets ERROR Failed to parse market data: 'MarketTick' object is not iterable
2026-09-29 12:04:51.704 [Thread-1 (run_forever)] pyarrow_client.sockets ERROR Failed to parse market data: 'MarketTick' object is not iterable
2026-09-29 12:04:51.704 [Thread-1 (run_forever)] pyarrow_client.sockets ERROR Failed to parse market data: 'MarketTick' object is not iterable
2026-09-29 12:04:51.720 [Thread-1 (run_forever)] pyarrow_client.sockets ERROR Failed to parse market data: 'MarketTick' object is not iterable
2026-09-29 12:04:51.720 [Thread-1 (run_forever)] pyarrow_client.sockets ERROR Failed to parse market data: 'MarketTick' object is not iterable
2026-09-29 12:04:51.720 [Thread-1 (run_forever)] pyarrow_client.sockets ERROR Failed to parse market data: 'MarketTick' object is not iterable
2026-09-29 12:04:51.947 [Thread-1 (run_forever)] pyarrow_client.sockets ERROR Failed to parse market data: 'MarketTick' object is not iterable
2026-09-29 12:04:51.947 [Thread-1 (run_forever)] pyarrow_client.sockets ERROR Failed to parse market data: 'MarketTick' object is not iterable
2026-09-29 12:04:51.947 [Thread-1 (run_forever)] pyarrow_client.sockets ERROR Failed to parse market data: 'MarketTick' object is not iterable
2026-09-29 12:04:51.947 [Thread-1 (run_forever)] pyarrow_client.sockets ERROR Failed to parse market data: 'MarketTick' object is not iterable
2026-09-29 12:04:51.947 [Thread-1 (run_forever)] pyarrow_client.sockets ERROR Failed to parse market data: 'MarketTick' object is not iterable
2026-09-29 12:04:51.962 [Thread-1 (run_forever)] pyarrow_client.sockets ERROR Failed to parse market data: 'MarketTick' object is not iterable
2026-09-29 12:04:51.978 [Thread-1 (run_forever)] pyarrow_client.sockets ERROR Failed to parse market data: 'MarketTick' object is not iterable
2026-09-29 12:04:51.994 [Thread-1 (run_forever)] pyarrow_client.sockets ERROR Failed to parse market data: 'MarketTick' object is not iterable
2026-09-29 12:04:51.994 [Thread-1 (run_forever)] pyarrow_client.sockets ERROR Failed to parse market data: 'MarketTick' object is not iterable
2026-09-29 12:04:52.058 [Thread-1 (run_forever)] pyarrow_client.sockets ERROR Failed to parse market data: 'MarketTick' object is not iterable
2026-09-29 12:04:52.060 [Thread-1 (run_forever)] pyarrow_client.sockets ERROR Failed to parse market data: 'MarketTick' object is not iterable
2026-09-29 12:04:52.060 [Thread-1 (run_forever)] pyarrow_client.sockets ERROR Failed to parse market data: 'MarketTick' object is not iterable
2026-09-29 12:04:52.060 [Thread-1 (run_forever)] pyarrow_client.sockets ERROR Failed to parse market data: 'MarketTick' object is not iterable
2026-09-29 12:04:52.074 [Thread-1 (run_forever)] pyarrow_client.sockets ERROR Failed to parse market data: 'MarketTick' object is not iterable
2026-09-29 12:04:52.074 [Thread-1 (run_forever)] pyarrow_client.sockets ERROR Failed to parse market data: 'MarketTick' object is not iterable
2026-09-29 12:04:52.074 [Thread-1 (run_forever)] pyarrow_client.sockets ERROR Failed to parse market data: 'MarketTick' object is not iterable
2026-09-29 12:04:52.233 [Thread-1 (run_forever)] pyarrow_client.sockets ERROR Failed to parse market data: 'MarketTick' object is not iterable
2026-09-29 12:04:52.329 [Thread-1 (run_forever)] pyarrow_client.sockets ERROR Failed to parse market data: 'MarketTick' object is not iterable
2026-09-29 12:04:52.361 [Thread-1 (run_forever)] pyarrow_client.sockets ERROR Failed to parse market data: 'MarketTick' object is not iterable
2026-09-29 12:04:52.377 [Thread-1 (run_forever)] pyarrow_client.sockets ERROR Failed to parse market data: 'MarketTick' object is not iterable
2026-09-29 12:04:52.568 [Thread-1 (run_forever)] pyarrow_client.sockets ERROR Failed to parse market data: 'MarketTick' object is not iterable
2026-09-29 12:04:52.568 [Thread-1 (run_forever)] pyarrow_client.sockets ERROR Failed to parse market data: 'MarketTick' object is not iterable
2026-09-29 12:04:52.568 [Thread-1 (run_forever)] pyarrow_client.sockets ERROR Failed to parse market data: 'MarketTick' object is not iterable
2026-09-29 12:04:52.600 [Thread-1 (run_forever)] pyarrow_client.sockets ERROR Failed to parse market data: 'MarketTick' object is not iterable
2026-09-29 12:04:52.600 [Thread-1 (run_forever)] pyarrow_client.sockets ERROR Failed to parse market data: 'MarketTick' object is not iterable
2026-09-29 12:04:52.600 [Thread-1 (run_forever)] pyarrow_client.sockets ERROR Failed to parse market data: 'MarketTick' object is not iterable
2026-09-29 12:04:52.728 [Thread-1 (run_forever)] pyarrow_client.sockets ERROR Failed to parse market data: 'MarketTick' object is not iterable
2026-09-29 12:04:52.728 [Thread-1 (run_forever)] pyarrow_client.sockets ERROR Failed to parse market data: 'MarketTick' object is not iterable
2026-09-29 12:04:52.775 [Thread-1 (run_forever)] pyarrow_client.sockets ERROR Failed to parse market data: 'MarketTick' object is not iterable
2026-09-29 12:04:52.807 [Thread-1 (run_forever)] pyarrow_client.sockets ERROR Failed to parse market data: 'MarketTick' object is not iterable
2026-09-29 12:04:52.872 [Thread-1 (run_forever)] pyarrow_client.sockets ERROR Failed to parse market data: 'MarketTick' object is not iterable
2026-09-29 12:04:52.872 [Thread-1 (run_forever)] pyarrow_client.sockets ERROR Failed to parse market data: 'MarketTick' object is not iterable
2026-09-29 12:04:52.888 [Thread-1 (run_forever)] pyarrow_client.sockets ERROR Failed to parse market data: 'MarketTick' object is not iterable
2026-09-29 12:04:52.904 [Thread-1 (run_forever)] pyarrow_client.sockets ERROR Failed to parse market data: 'MarketTick' object is not iterable
2026-09-29 12:04:52.904 [Thread-1 (run_forever)] pyarrow_client.sockets ERROR Failed to parse market data: 'MarketTick' object is not iterable
2026-09-29 12:04:52.920 [Thread-1 (run_forever)] pyarrow_client.sockets ERROR Failed to parse market data: 'MarketTick' object is not iterable
2026-09-29 12:04:52.920 [Thread-1 (run_forever)] pyarrow_client.sockets ERROR Failed to parse market data: 'MarketTick' object is not iterable
2026-09-29 12:04:52.968 [Thread-1 (run_forever)] pyarrow_client.sockets ERROR Failed to parse market data: 'MarketTick' object is not iterable
2026-09-29 12:04:52.983 [Thread-1 (run_forever)] pyarrow_client.sockets ERROR Failed to parse market data: 'MarketTick' object is not iterable
2026-09-29 12:04:52.983 [Thread-1 (run_forever)] pyarrow_client.sockets ERROR Failed to parse market data: 'MarketTick' object is not iterable
2026-09-29 12:04:53.047 [Thread-1 (run_forever)] pyarrow_client.sockets ERROR Failed to parse market data: 'MarketTick' object is not iterable
2026-09-29 12:04:53.047 [Thread-1 (run_forever)] pyarrow_client.sockets ERROR Failed to parse market data: 'MarketTick' object is not iterable
2026-09-29 12:04:53.047 [Thread-1 (run_forever)] pyarrow_client.sockets ERROR Failed to parse market data: 'MarketTick' object is not iterable
2026-09-29 12:04:53.127 [Thread-1 (run_forever)] pyarrow_client.sockets ERROR Failed to parse market data: 'MarketTick' object is not iterable
2026-09-29 12:04:53.493 [Thread-1 (run_forever)] pyarrow_client.sockets ERROR Failed to parse market data: 'MarketTick' object is not iterable
2026-09-29 12:04:53.493 [Thread-1 (run_forever)] pyarrow_client.sockets ERROR Failed to parse market data: 'MarketTick' object is not iterable
2026-09-29 12:04:53.495 [Thread-1 (run_forever)] pyarrow_client.sockets ERROR Failed to parse market data: 'MarketTick' object is not iterable
2026-09-29 12:04:53.495 [Thread-1 (run_forever)] pyarrow_client.sockets ERROR Failed to parse market data: 'MarketTick' object is not iterable
2026-09-29 12:04:53.495 [Thread-1 (run_forever)] pyarrow_client.sockets ERROR Failed to parse market data: 'MarketTick' object is not iterable
2026-09-29 12:04:53.510 [Thread-1 (run_forever)] pyarrow_client.sockets ERROR Failed to parse market data: 'MarketTick' object is not iterable
2026-09-29 12:04:53.512 [Thread-1 (run_forever)] pyarrow_client.sockets ERROR Failed to parse market data: 'MarketTick' object is not iterable
2026-09-29 12:04:53.512 [Thread-1 (run_forever)] pyarrow_client.sockets ERROR Failed to parse market data: 'MarketTick' object is not iterable
2026-09-29 12:04:53.666 [Thread-1 (run_forever)] pyarrow_client.sockets ERROR Failed to parse market data: 'MarketTick' object is not iterable
2026-09-29 12:04:53.702 [Thread-1 (run_forever)] pyarrow_client.sockets ERROR Failed to parse market data: 'MarketTick' object is not iterable
2026-09-29 12:04:53.730 [Thread-1 (run_forever)] pyarrow_client.sockets ERROR Failed to parse market data: 'MarketTick' object is not iterable
2026-09-29 12:04:53.730 [Thread-1 (run_forever)] pyarrow_client.sockets ERROR Failed to parse market data: 'MarketTick' object is not iterable
2026-09-29 12:04:53.730 [Thread-1 (run_forever)] pyarrow_client.sockets ERROR Failed to parse market data: 'MarketTick' object is not iterable
2026-09-29 12:04:53.778 [Thread-1 (run_forever)] pyarrow_client.sockets ERROR Failed to parse market data: 'MarketTick' object is not iterable
2026-09-29 12:04:53.778 [Thread-1 (run_forever)] pyarrow_client.sockets ERROR Failed to parse market data: 'MarketTick' object is not iterable
2026-09-29 12:04:53.794 [Thread-1 (run_forever)] pyarrow_client.sockets ERROR Failed to parse market data: 'MarketTick' object is not iterable
2026-09-29 12:04:53.809 [Thread-1 (run_forever)] pyarrow_client.sockets ERROR Failed to parse market data: 'MarketTick' object is not iterable
2026-09-29 12:04:53.873 [Thread-1 (run_forever)] pyarrow_client.sockets ERROR Failed to parse market data: 'MarketTick' object is not iterable
2026-09-29 12:04:53.873 [Thread-1 (run_forever)] pyarrow_client.sockets ERROR Failed to parse market data: 'MarketTick' object is not iterable
2026-09-29 12:04:53.873 [Thread-1 (run_forever)] pyarrow_client.sockets ERROR Failed to parse market data: 'MarketTick' object is not iterable
2026-09-29 12:04:53.889 [Thread-1 (run_forever)] pyarrow_client.sockets ERROR Failed to parse market data: 'MarketTick' object is not iterable
2026-09-29 12:04:53.937 [Thread-1 (run_forever)] pyarrow_client.sockets ERROR Failed to parse market data: 'MarketTick' object is not iterable
2026-09-29 12:04:53.937 [Thread-1 (run_forever)] pyarrow_client.sockets ERROR Failed to parse market data: 'MarketTick' object is not iterable
2026-09-29 12:04:54.033 [Thread-1 (run_forever)] pyarrow_client.sockets ERROR Failed to parse market data: 'MarketTick' object is not iterable
2026-09-29 12:04:54.048 [Thread-1 (run_forever)] pyarrow_client.sockets ERROR Failed to parse market data: 'MarketTick' object is not iterable
2026-09-29 12:04:54.048 [Thread-1 (run_forever)] pyarrow_client.sockets ERROR Failed to parse market data: 'MarketTick' object is not iterable
2026-09-29 12:04:54.048 [Thread-1 (run_forever)] pyarrow_client.sockets ERROR Failed to parse market data: 'MarketTick' object is not iterable
2026-09-29 12:04:54.062 [Thread-1 (run_forever)] pyarrow_client.sockets ERROR Failed to parse market data: 'MarketTick' object is not iterable
2026-09-29 12:04:54.128 [Thread-1 (run_forever)] pyarrow_client.sockets ERROR Failed to parse market data: 'MarketTick' object is not iterable
2026-09-29 12:04:54.176 [Thread-1 (run_forever)] pyarrow_client.sockets ERROR Failed to parse market data: 'MarketTick' object is not iterable
2026-09-29 12:04:54.176 [Thread-1 (run_forever)] pyarrow_client.sockets ERROR Failed to parse market data: 'MarketTick' object is not iterable
2026-09-29 12:04:54.176 [Thread-1 (run_forever)] pyarrow_client.sockets ERROR Failed to parse market data: 'MarketTick' object is not iterable
2026-09-29 12:04:54.367 [Thread-1 (run_forever)] pyarrow_client.sockets ERROR Failed to parse market data: 'MarketTick' object is not iterable
2026-09-29 12:04:54.367 [Thread-1 (run_forever)] pyarrow_client.sockets ERROR Failed to parse market data: 'MarketTick' object is not iterable
2026-09-29 12:04:54.398 [Thread-1 (run_forever)] pyarrow_client.sockets ERROR Failed to parse market data: 'MarketTick' object is not iterable
2026-09-29 12:04:54.398 [Thread-1 (run_forever)] pyarrow_client.sockets ERROR Failed to parse market data: 'MarketTick' object is not iterable
2026-09-29 12:04:54.398 [Thread-1 (run_forever)] pyarrow_client.sockets ERROR Failed to parse market data: 'MarketTick' object is not iterable
2026-09-29 12:04:54.574 [Thread-1 (run_forever)] pyarrow_client.sockets ERROR Failed to parse market data: 'MarketTick' object is not iterable
2026-09-29 12:04:54.605 [Thread-1 (run_forever)] pyarrow_client.sockets ERROR Failed to parse market data: 'MarketTick' object is not iterable
2026-09-29 12:04:54.669 [Thread-1 (run_forever)] pyarrow_client.sockets ERROR Failed to parse market data: 'MarketTick' object is not iterable
2026-09-29 12:04:54.685 [Thread-1 (run_forever)] pyarrow_client.sockets ERROR Failed to parse market data: 'MarketTick' object is not iterable
2026-09-29 12:04:54.701 [Thread-1 (run_forever)] pyarrow_client.sockets ERROR Failed to parse market data: 'MarketTick' object is not iterable
2026-09-29 12:04:54.701 [Thread-1 (run_forever)] pyarrow_client.sockets ERROR Failed to parse market data: 'MarketTick' object is not iterable
2026-09-29 12:04:54.723 [Thread-1 (run_forever)] pyarrow_client.sockets ERROR Failed to parse market data: 'MarketTick' object is not iterable
2026-09-29 12:04:54.723 [Thread-1 (run_forever)] pyarrow_client.sockets ERROR Failed to parse market data: 'MarketTick' object is not iterable
2026-09-29 12:04:54.781 [Thread-1 (run_forever)] pyarrow_client.sockets ERROR Failed to parse market data: 'MarketTick' object is not iterable
2026-09-29 12:04:54.781 [Thread-1 (run_forever)] pyarrow_client.sockets ERROR Failed to parse market data: 'MarketTick' object is not iterable
2026-09-29 12:04:54.781 [Thread-1 (run_forever)] pyarrow_client.sockets ERROR Failed to parse market data: 'MarketTick' object is not iterable
2026-09-29 12:04:54.876 [Thread-1 (run_forever)] pyarrow_client.sockets ERROR Failed to parse market data: 'MarketTick' object is not iterable
2026-09-29 12:04:54.908 [Thread-1 (run_forever)] pyarrow_client.sockets ERROR Failed to parse market data: 'MarketTick' object is not iterable
2026-09-29 12:04:54.924 [Thread-1 (run_forever)] pyarrow_client.sockets ERROR Failed to parse market data: 'MarketTick' object is not iterable
2026-09-29 12:04:54.924 [Thread-1 (run_forever)] pyarrow_client.sockets ERROR Failed to parse market data: 'MarketTick' object is not iterable
2026-09-29 12:04:55.036 [Thread-1 (run_forever)] pyarrow_client.sockets ERROR Failed to parse market data: 'MarketTick' object is not iterable
2026-09-29 12:04:55.052 [Thread-1 (run_forever)] pyarrow_client.sockets ERROR Failed to parse market data: 'MarketTick' object is not iterable
2026-09-29 12:04:55.052 [Thread-1 (run_forever)] pyarrow_client.sockets ERROR Failed to parse market data: 'MarketTick' object is not iterable
2026-09-29 12:04:55.052 [Thread-1 (run_forever)] pyarrow_client.sockets ERROR Failed to parse market data: 'MarketTick' object is not iterable
2026-09-29 12:04:55.068 [Thread-1 (run_forever)] pyarrow_client.sockets ERROR Failed to parse market data: 'MarketTick' object is not iterable
2026-09-29 12:04:55.068 [Thread-1 (run_forever)] pyarrow_client.sockets ERROR Failed to parse market data: 'MarketTick' object is not iterable
2026-09-29 12:04:55.084 [Thread-1 (run_forever)] pyarrow_client.sockets ERROR Failed to parse market data: 'MarketTick' object is not iterable
2026-09-29 12:04:55.275 [Thread-1 (run_forever)] pyarrow_client.sockets ERROR Failed to parse market data: 'MarketTick' object is not iterable
2026-09-29 12:04:55.275 [Thread-1 (run_forever)] pyarrow_client.sockets ERROR Failed to parse market data: 'MarketTick' object is not iterable
2026-09-29 12:04:55.307 [Thread-1 (run_forever)] pyarrow_client.sockets ERROR Failed to parse market data: 'MarketTick' object is not iterable
2026-09-29 12:04:55.307 [Thread-1 (run_forever)] pyarrow_client.sockets ERROR Failed to parse market data: 'MarketTick' object is not iterable
2026-09-29 12:04:55.307 [Thread-1 (run_forever)] pyarrow_client.sockets ERROR Failed to parse market data: 'MarketTick' object is not iterable
2026-09-29 12:04:55.482 [Thread-1 (run_forever)] pyarrow_client.sockets ERROR Failed to parse market data: 'MarketTick' object is not iterable
2026-09-29 12:04:55.507 [Thread-1 (run_forever)] pyarrow_client.sockets ERROR Failed to parse market data: 'MarketTick' object is not iterable
2026-09-29 12:04:55.578 [Thread-1 (run_forever)] pyarrow_client.sockets ERROR Failed to parse market data: 'MarketTick' object is not iterable
2026-09-29 12:04:55.578 [Thread-1 (run_forever)] pyarrow_client.sockets ERROR Failed to parse market data: 'MarketTick' object is not iterable
2026-09-29 12:04:55.610 [Thread-1 (run_forever)] pyarrow_client.sockets ERROR Failed to parse market data: 'MarketTick' object is not iterable
2026-09-29 12:04:55.610 [Thread-1 (run_forever)] pyarrow_client.sockets ERROR Failed to parse market data: 'MarketTick' object is not iterable
2026-09-29 12:04:55.674 [Thread-1 (run_forever)] pyarrow_client.sockets ERROR Failed to parse market data: 'MarketTick' object is not iterable
2026-09-29 12:04:55.674 [Thread-1 (run_forever)] pyarrow_client.sockets ERROR Failed to parse market data: 'MarketTick' object is not iterable
2026-09-29 12:04:55.674 [Thread-1 (run_forever)] pyarrow_client.sockets ERROR Failed to parse market data: 'MarketTick' object is not iterable
2026-09-29 12:04:55.721 [Thread-1 (run_forever)] pyarrow_client.sockets ERROR Failed to parse market data: 'MarketTick' object is not iterable
2026-09-29 12:04:55.721 [Thread-1 (run_forever)] pyarrow_client.sockets ERROR Failed to parse market data: 'MarketTick' object is not iterable
2026-09-29 12:04:55.721 [Thread-1 (run_forever)] pyarrow_client.sockets ERROR Failed to parse market data: 'MarketTick' object is not iterable
2026-09-29 12:04:55.721 [Thread-1 (run_forever)] pyarrow_client.sockets ERROR Failed to parse market data: 'MarketTick' object is not iterable
2026-09-29 12:04:55.832 [Thread-1 (run_forever)] pyarrow_client.sockets ERROR Failed to parse market data: 'MarketTick' object is not iterable
2026-09-29 12:04:55.912 [Thread-1 (run_forever)] pyarrow_client.sockets ERROR Failed to parse market data: 'MarketTick' object is not iterable
2026-09-29 12:04:55.912 [Thread-1 (run_forever)] pyarrow_client.sockets ERROR Failed to parse market data: 'MarketTick' object is not iterable
2026-09-29 12:04:55.912 [Thread-1 (run_forever)] pyarrow_client.sockets ERROR Failed to parse market data: 'MarketTick' object is not iterable
2026-09-29 12:04:55.928 [Thread-1 (run_forever)] pyarrow_client.sockets ERROR Failed to parse market data: 'MarketTick' object is not iterable
2026-09-29 12:04:55.975 [Thread-1 (run_forever)] pyarrow_client.sockets ERROR Failed to parse market data: 'MarketTick' object is not iterable
2026-09-29 12:04:55.975 [Thread-1 (run_forever)] pyarrow_client.sockets ERROR Failed to parse market data: 'MarketTick' object is not iterable
2026-09-29 12:04:55.975 [Thread-1 (run_forever)] pyarrow_client.sockets ERROR Failed to parse market data: 'MarketTick' object is not iterable
2026-09-29 12:04:56.055 [Thread-1 (run_forever)] pyarrow_client.sockets ERROR Failed to parse market data: 'MarketTick' object is not iterable
2026-09-29 12:04:56.055 [Thread-1 (run_forever)] pyarrow_client.sockets ERROR Failed to parse market data: 'MarketTick' object is not iterable
2026-09-29 12:04:56.055 [Thread-1 (run_forever)] pyarrow_client.sockets ERROR Failed to parse market data: 'MarketTick' object is not iterable
2026-09-29 12:04:56.055 [Thread-1 (run_forever)] pyarrow_client.sockets ERROR Failed to parse market data: 'MarketTick' object is not iterable
2026-09-29 12:04:56.182 [Thread-1 (run_forever)] pyarrow_client.sockets ERROR Failed to parse market data: 'MarketTick' object is not iterable
2026-09-29 12:04:56.182 [Thread-1 (run_forever)] pyarrow_client.sockets ERROR Failed to parse market data: 'MarketTick' object is not iterable
2026-09-29 12:04:56.405 [Thread-1 (run_forever)] pyarrow_client.sockets ERROR Failed to parse market data: 'MarketTick' object is not iterable
2026-09-29 12:04:56.405 [Thread-1 (run_forever)] pyarrow_client.sockets ERROR Failed to parse market data: 'MarketTick' object is not iterable
2026-09-29 12:04:56.405 [Thread-1 (run_forever)] pyarrow_client.sockets ERROR Failed to parse market data: 'MarketTick' object is not iterable
2026-09-29 12:04:56.405 [Thread-1 (run_forever)] pyarrow_client.sockets ERROR Failed to parse market data: 'MarketTick' object is not iterable
2026-09-29 12:04:56.421 [Thread-1 (run_forever)] pyarrow_client.sockets ERROR Failed to parse market data: 'MarketTick' object is not iterable
2026-09-29 12:04:56.484 [Thread-1 (run_forever)] pyarrow_client.sockets ERROR Failed to parse market data: 'MarketTick' object is not iterable
2026-09-29 12:04:56.484 [Thread-1 (run_forever)] pyarrow_client.sockets ERROR Failed to parse market data: 'MarketTick' object is not iterable
2026-09-29 12:04:56.508 [Thread-1 (run_forever)] pyarrow_client.sockets ERROR Failed to parse market data: 'MarketTick' object is not iterable
2026-09-29 12:04:56.508 [Thread-1 (run_forever)] pyarrow_client.sockets ERROR Failed to parse market data: 'MarketTick' object is not iterable
2026-09-29 12:04:56.580 [Thread-1 (run_forever)] pyarrow_client.sockets ERROR Failed to parse market data: 'MarketTick' object is not iterable
2026-09-29 12:04:56.580 [Thread-1 (run_forever)] pyarrow_client.sockets ERROR Failed to parse market data: 'MarketTick' object is not iterable
2026-09-29 12:04:56.580 [Thread-1 (run_forever)] pyarrow_client.sockets ERROR Failed to parse market data: 'MarketTick' object is not iterable
2026-09-29 12:04:56.723 [Thread-1 (run_forever)] pyarrow_client.sockets ERROR Failed to parse market data: 'MarketTick' object is not iterable
2026-09-29 12:04:56.723 [Thread-1 (run_forever)] pyarrow_client.sockets ERROR Failed to parse market data: 'MarketTick' object is not iterable
2026-09-29 12:04:56.723 [Thread-1 (run_forever)] pyarrow_client.sockets ERROR Failed to parse market data: 'MarketTick' object is not iterable
2026-09-29 12:04:56.723 [Thread-1 (run_forever)] pyarrow_client.sockets ERROR Failed to parse market data: 'MarketTick' object is not iterable
2026-09-29 12:04:56.723 [Thread-1 (run_forever)] pyarrow_client.sockets ERROR Failed to parse market data: 'MarketTick' object is not iterable
2026-09-29 12:04:56.723 [Thread-1 (run_forever)] pyarrow_client.sockets ERROR Failed to parse market data: 'MarketTick' object is not iterable
2026-09-29 12:04:56.739 [Thread-1 (run_forever)] pyarrow_client.sockets ERROR Failed to parse market data: 'MarketTick' object is not iterable
2026-09-29 12:04:56.838 [Thread-1 (run_forever)] pyarrow_client.sockets ERROR Failed to parse market data: 'MarketTick' object is not iterable
2026-09-29 12:04:56.882 [Thread-1 (run_forever)] pyarrow_client.sockets ERROR Failed to parse market data: 'MarketTick' object is not iterable
2026-09-29 12:04:56.882 [Thread-1 (run_forever)] pyarrow_client.sockets ERROR Failed to parse market data: 'MarketTick' object is not iterable
2026-09-29 12:04:56.882 [Thread-1 (run_forever)] pyarrow_client.sockets ERROR Failed to parse market data: 'MarketTick' object is not iterable
2026-09-29 12:04:56.897 [Thread-1 (run_forever)] pyarrow_client.sockets ERROR Failed to parse market data: 'MarketTick' object is not iterable
2026-09-29 12:04:57.060 [Thread-1 (run_forever)] pyarrow_client.sockets ERROR Failed to parse market data: 'MarketTick' object is not iterable
2026-09-29 12:04:57.061 [Thread-1 (run_forever)] pyarrow_client.sockets ERROR Failed to parse market data: 'MarketTick' object is not iterable
2026-09-29 12:04:57.062 [Thread-1 (run_forever)] pyarrow_client.sockets ERROR Failed to parse market data: 'MarketTick' object is not iterable
2026-09-29 12:04:57.062 [Thread-1 (run_forever)] pyarrow_client.sockets ERROR Failed to parse market data: 'MarketTick' object is not iterable
2026-09-29 12:04:57.078 [Thread-1 (run_forever)] pyarrow_client.sockets ERROR Failed to parse market data: 'MarketTick' object is not iterable
2026-09-29 12:04:57.078 [Thread-1 (run_forever)] pyarrow_client.sockets ERROR Failed to parse market data: 'MarketTick' object is not iterable
2026-09-29 12:04:57.110 [Thread-1 (run_forever)] pyarrow_client.sockets ERROR Failed to parse market data: 'MarketTick' object is not iterable
2026-09-29 12:04:57.110 [Thread-1 (run_forever)] pyarrow_client.sockets ERROR Failed to parse market data: 'MarketTick' object is not iterable
2026-09-29 12:04:57.110 [Thread-1 (run_forever)] pyarrow_client.sockets ERROR Failed to parse market data: 'MarketTick' object is not iterable
2026-09-29 12:04:57.282 [Thread-1 (run_forever)] pyarrow_client.sockets ERROR Failed to parse market data: 'MarketTick' object is not iterable
2026-09-29 12:04:57.314 [Thread-1 (run_forever)] pyarrow_client.sockets ERROR Failed to parse market data: 'MarketTick' object is not iterable
2026-09-29 12:04:57.377 [Thread-1 (run_forever)] pyarrow_client.sockets ERROR Failed to parse market data: 'MarketTick' object is not iterable
2026-09-29 12:04:57.377 [Thread-1 (run_forever)] pyarrow_client.sockets ERROR Failed to parse market data: 'MarketTick' object is not iterable
2026-09-29 12:04:57.410 [Thread-1 (run_forever)] pyarrow_client.sockets ERROR Failed to parse market data: 'MarketTick' object is not iterable
2026-09-29 12:04:57.410 [Thread-1 (run_forever)] pyarrow_client.sockets ERROR Failed to parse market data: 'MarketTick' object is not iterable
2026-09-29 12:04:57.474 [Thread-1 (run_forever)] pyarrow_client.sockets ERROR Failed to parse market data: 'MarketTick' object is not iterable
2026-09-29 12:04:57.489 [Thread-1 (run_forever)] pyarrow_client.sockets ERROR Failed to parse market data: 'MarketTick' object is not iterable
2026-09-29 12:04:57.489 [Thread-1 (run_forever)] pyarrow_client.sockets ERROR Failed to parse market data: 'MarketTick' object is not iterable
2026-09-29 12:04:57.633 [Thread-1 (run_forever)] pyarrow_client.sockets ERROR Failed to parse market data: 'MarketTick' object is not iterable
2026-09-29 12:04:57.728 [Thread-1 (run_forever)] pyarrow_client.sockets ERROR Failed to parse market data: 'MarketTick' object is not iterable
2026-09-29 12:04:57.728 [Thread-1 (run_forever)] pyarrow_client.sockets ERROR Failed to parse market data: 'MarketTick' object is not iterable
2026-09-29 12:04:57.728 [Thread-1 (run_forever)] pyarrow_client.sockets ERROR Failed to parse market data: 'MarketTick' object is not iterable
2026-09-29 12:04:57.728 [Thread-1 (run_forever)] pyarrow_client.sockets ERROR Failed to parse market data: 'MarketTick' object is not iterable
2026-09-29 12:04:57.744 [Thread-1 (run_forever)] pyarrow_client.sockets ERROR Failed to parse market data: 'MarketTick' object is not iterable
2026-09-29 12:04:57.776 [Thread-1 (run_forever)] pyarrow_client.sockets ERROR Failed to parse market data: 'MarketTick' object is not iterable
2026-09-29 12:04:57.776 [Thread-1 (run_forever)] pyarrow_client.sockets ERROR Failed to parse market data: 'MarketTick' object is not iterable
2026-09-29 12:04:57.792 [Thread-1 (run_forever)] pyarrow_client.sockets ERROR Failed to parse market data: 'MarketTick' object is not iterable
2026-09-29 12:04:57.888 [Thread-1 (run_forever)] pyarrow_client.sockets ERROR Failed to parse market data: 'MarketTick' object is not iterable
2026-09-29 12:04:57.888 [Thread-1 (run_forever)] pyarrow_client.sockets ERROR Failed to parse market data: 'MarketTick' object is not iterable
2026-09-29 12:04:57.935 [Thread-1 (run_forever)] pyarrow_client.sockets ERROR Failed to parse market data: 'MarketTick' object is not iterable
2026-09-29 12:04:57.935 [Thread-1 (run_forever)] pyarrow_client.sockets ERROR Failed to parse market data: 'MarketTick' object is not iterable
2026-09-29 12:04:57.983 [Thread-1 (run_forever)] pyarrow_client.sockets ERROR Failed to parse market data: 'MarketTick' object is not iterable
2026-09-29 12:04:57.983 [Thread-1 (run_forever)] pyarrow_client.sockets ERROR Failed to parse market data: 'MarketTick' object is not iterable
2026-09-29 12:04:58.015 [Thread-1 (run_forever)] pyarrow_client.sockets ERROR Failed to parse market data: 'MarketTick' object is not iterable
2026-09-29 12:04:58.015 [Thread-1 (run_forever)] pyarrow_client.sockets ERROR Failed to parse market data: 'MarketTick' object is not iterable
2026-09-29 12:04:58.015 [Thread-1 (run_forever)] pyarrow_client.sockets ERROR Failed to parse market data: 'MarketTick' object is not iterable
2026-09-29 12:04:58.047 [Thread-1 (run_forever)] pyarrow_client.sockets ERROR Failed to parse market data: 'MarketTick' object is not iterable
2026-09-29 12:04:58.063 [Thread-1 (run_forever)] pyarrow_client.sockets ERROR Failed to parse market data: 'MarketTick' object is not iterable
2026-09-29 12:04:58.063 [Thread-1 (run_forever)] pyarrow_client.sockets ERROR Failed to parse market data: 'MarketTick' object is not iterable
2026-09-29 12:04:58.063 [Thread-1 (run_forever)] pyarrow_client.sockets ERROR Failed to parse market data: 'MarketTick' object is not iterable
2026-09-29 12:04:58.175 [Thread-1 (run_forever)] pyarrow_client.sockets ERROR Failed to parse market data: 'MarketTick' object is not iterable
2026-09-29 12:04:58.212 [Thread-1 (run_forever)] pyarrow_client.sockets ERROR Failed to parse market data: 'MarketTick' object is not iterable
2026-09-29 12:04:58.275 [Thread-1 (run_forever)] pyarrow_client.sockets ERROR Failed to parse market data: 'MarketTick' object is not iterable
2026-09-29 12:04:58.289 [Thread-1 (run_forever)] pyarrow_client.sockets ERROR Failed to parse market data: 'MarketTick' object is not iterable
2026-09-29 12:04:58.316 [Thread-1 (run_forever)] pyarrow_client.sockets ERROR Failed to parse market data: 'MarketTick' object is not iterable
2026-09-29 12:04:58.316 [Thread-1 (run_forever)] pyarrow_client.sockets ERROR Failed to parse market data: 'MarketTick' object is not iterable
2026-09-29 12:04:58.389 [Thread-1 (run_forever)] pyarrow_client.sockets ERROR Failed to parse market data: 'MarketTick' object is not iterable
2026-09-29 12:04:58.389 [Thread-1 (run_forever)] pyarrow_client.sockets ERROR Failed to parse market data: 'MarketTick' object is not iterable
2026-09-29 12:04:58.389 [Thread-1 (run_forever)] pyarrow_client.sockets ERROR Failed to parse market data: 'MarketTick' object is not iterable
2026-09-29 12:04:58.537 [Thread-1 (run_forever)] pyarrow_client.sockets ERROR Failed to parse market data: 'MarketTick' object is not iterable
2026-09-29 12:04:58.645 [Thread-1 (run_forever)] pyarrow_client.sockets ERROR Failed to parse market data: 'MarketTick' object is not iterable
2026-09-29 12:04:58.677 [Thread-1 (run_forever)] pyarrow_client.sockets ERROR Failed to parse market data: 'MarketTick' object is not iterable
2026-09-29 12:04:58.677 [Thread-1 (run_forever)] pyarrow_client.sockets ERROR Failed to parse market data: 'MarketTick' object is not iterable
2026-09-29 12:04:58.692 [Thread-1 (run_forever)] pyarrow_client.sockets ERROR Failed to parse market data: 'MarketTick' object is not iterable
2026-09-29 12:04:58.724 [Thread-1 (run_forever)] pyarrow_client.sockets ERROR Failed to parse market data: 'MarketTick' object is not iterable
2026-09-29 12:04:58.935 [Thread-1 (run_forever)] pyarrow_client.sockets ERROR Failed to parse market data: 'MarketTick' object is not iterable
2026-09-29 12:04:58.935 [Thread-1 (run_forever)] pyarrow_client.sockets ERROR Failed to parse market data: 'MarketTick' object is not iterable
2026-09-29 12:04:58.935 [Thread-1 (run_forever)] pyarrow_client.sockets ERROR Failed to parse market data: 'MarketTick' object is not iterable
2026-09-29 12:04:58.935 [Thread-1 (run_forever)] pyarrow_client.sockets ERROR Failed to parse market data: 'MarketTick' object is not iterable
2026-09-29 12:04:58.935 [Thread-1 (run_forever)] pyarrow_client.sockets ERROR Failed to parse market data: 'MarketTick' object is not iterable
2026-09-29 12:04:58.935 [Thread-1 (run_forever)] pyarrow_client.sockets ERROR Failed to parse market data: 'MarketTick' object is not iterable
2026-09-29 12:04:58.935 [Thread-1 (run_forever)] pyarrow_client.sockets ERROR Failed to parse market data: 'MarketTick' object is not iterable
2026-09-29 12:04:58.935 [Thread-1 (run_forever)] pyarrow_client.sockets ERROR Failed to parse market data: 'MarketTick' object is not iterable
2026-09-29 12:04:58.944 [Thread-1 (run_forever)] pyarrow_client.sockets ERROR Failed to parse market data: 'MarketTick' object is not iterable
2026-09-29 12:04:58.944 [Thread-1 (run_forever)] pyarrow_client.sockets ERROR Failed to parse market data: 'MarketTick' object is not iterable
2026-09-29 12:04:58.944 [Thread-1 (run_forever)] pyarrow_client.sockets ERROR Failed to parse market data: 'MarketTick' object is not iterable
2026-09-29 12:04:59.054 [Thread-1 (run_forever)] pyarrow_client.sockets ERROR Failed to parse market data: 'MarketTick' object is not iterable
2026-09-29 12:04:59.054 [Thread-1 (run_forever)] pyarrow_client.sockets ERROR Failed to parse market data: 'MarketTick' object is not iterable
2026-09-29 12:04:59.054 [Thread-1 (run_forever)] pyarrow_client.sockets ERROR Failed to parse market data: 'MarketTick' object is not iterable
2026-09-29 12:04:59.086 [Thread-1 (run_forever)] pyarrow_client.sockets ERROR Failed to parse market data: 'MarketTick' object is not iterable
2026-09-29 12:04:59.117 [Thread-1 (run_forever)] pyarrow_client.sockets ERROR Failed to parse market data: 'MarketTick' object is not iterable
2026-09-29 12:04:59.185 [Thread-1 (run_forever)] pyarrow_client.sockets ERROR Failed to parse market data: 'MarketTick' object is not iterable
2026-09-29 12:04:59.196 [Thread-1 (run_forever)] pyarrow_client.sockets ERROR Failed to parse market data: 'MarketTick' object is not iterable
2026-09-29 12:04:59.211 [Thread-1 (run_forever)] pyarrow_client.sockets ERROR Failed to parse market data: 'MarketTick' object is not iterable
2026-09-29 12:04:59.211 [Thread-1 (run_forever)] pyarrow_client.sockets ERROR Failed to parse market data: 'MarketTick' object is not iterable
2026-09-29 12:04:59.284 [Thread-1 (run_forever)] pyarrow_client.sockets ERROR Failed to parse market data: 'MarketTick' object is not iterable
2026-09-29 12:04:59.295 [Thread-1 (run_forever)] pyarrow_client.sockets ERROR Failed to parse market data: 'MarketTick' object is not iterable
2026-09-29 12:04:59.295 [Thread-1 (run_forever)] pyarrow_client.sockets ERROR Failed to parse market data: 'MarketTick' object is not iterable
2026-09-29 12:04:59.432 [Thread-1 (run_forever)] pyarrow_client.sockets ERROR Failed to parse market data: 'MarketTick' object is not iterable
2026-09-29 12:04:59.551 [Thread-1 (run_forever)] pyarrow_client.sockets ERROR Failed to parse market data: 'MarketTick' object is not iterable
2026-09-29 12:04:59.576 [Thread-1 (run_forever)] pyarrow_client.sockets ERROR Failed to parse market data: 'MarketTick' object is not iterable
2026-09-29 12:04:59.576 [Thread-1 (run_forever)] pyarrow_client.sockets ERROR Failed to parse market data: 'MarketTick' object is not iterable
2026-09-29 12:04:59.589 [Thread-1 (run_forever)] pyarrow_client.sockets ERROR Failed to parse market data: 'MarketTick' object is not iterable
2026-09-29 12:04:59.731 [Thread-1 (run_forever)] pyarrow_client.sockets ERROR Failed to parse market data: 'MarketTick' object is not iterable
2026-09-29 12:04:59.731 [Thread-1 (run_forever)] pyarrow_client.sockets ERROR Failed to parse market data: 'MarketTick' object is not iterable
2026-09-29 12:04:59.731 [Thread-1 (run_forever)] pyarrow_client.sockets ERROR Failed to parse market data: 'MarketTick' object is not iterable
2026-09-29 12:04:59.731 [Thread-1 (run_forever)] pyarrow_client.sockets ERROR Failed to parse market data: 'MarketTick' object is not iterable
2026-09-29 12:04:59.731 [Thread-1 (run_forever)] pyarrow_client.sockets ERROR Failed to parse market data: 'MarketTick' object is not iterable
2026-09-29 12:04:59.779 [Thread-1 (run_forever)] pyarrow_client.sockets ERROR Failed to parse market data: 'MarketTick' object is not iterable
2026-09-29 12:04:59.779 [Thread-1 (run_forever)] pyarrow_client.sockets ERROR Failed to parse market data: 'MarketTick' object is not iterable
2026-09-29 12:04:59.820 [Thread-1 (run_forever)] pyarrow_client.sockets ERROR Failed to parse market data: 'MarketTick' object is not iterable
2026-09-29 12:04:59.822 [Thread-1 (run_forever)] pyarrow_client.sockets ERROR Failed to parse market data: 'MarketTick' object is not iterable
2026-09-29 12:04:59.822 [Thread-1 (run_forever)] pyarrow_client.sockets ERROR Failed to parse market data: 'MarketTick' object is not iterable
2026-09-29 12:04:59.920 [Thread-1 (run_forever)] pyarrow_client.sockets ERROR Failed to parse market data: 'MarketTick' object is not iterable
2026-09-29 12:04:59.920 [Thread-1 (run_forever)] pyarrow_client.sockets ERROR Failed to parse market data: 'MarketTick' object is not iterable
2026-09-29 12:04:59.983 [Thread-1 (run_forever)] pyarrow_client.sockets ERROR Failed to parse market data: 'MarketTick' object is not iterable
2026-09-29 12:05:00.015 [Thread-1 (run_forever)] pyarrow_client.sockets ERROR Failed to parse market data: 'MarketTick' object is not iterable
2026-09-29 12:05:00.048 [Thread-1 (run_forever)] pyarrow_client.sockets ERROR Failed to parse market data: 'MarketTick' object is not iterable
2026-09-29 12:05:00.048 [Thread-1 (run_forever)] pyarrow_client.sockets ERROR Failed to parse market data: 'MarketTick' object is not iterable
2026-09-29 12:05:00.048 [Thread-1 (run_forever)] pyarrow_client.sockets ERROR Failed to parse market data: 'MarketTick' object is not iterable
2026-09-29 12:05:00.077 [Thread-1 (run_forever)] pyarrow_client.sockets ERROR Failed to parse market data: 'MarketTick' object is not iterable
2026-09-29 12:05:00.093 [Thread-1 (run_forever)] pyarrow_client.sockets ERROR Failed to parse market data: 'MarketTick' object is not iterable
2026-09-29 12:05:00.109 [Thread-1 (run_forever)] pyarrow_client.sockets ERROR Failed to parse market data: 'MarketTick' object is not iterable
2026-09-29 12:05:00.109 [Thread-1 (run_forever)] pyarrow_client.sockets ERROR Failed to parse market data: 'MarketTick' object is not iterable
2026-09-29 12:05:00.176 [Thread-1 (run_forever)] pyarrow_client.sockets ERROR Failed to parse market data: 'MarketTick' object is not iterable
2026-09-29 12:05:00.219 [Thread-1 (run_forever)] pyarrow_client.sockets ERROR Failed to parse market data: 'MarketTick' object is not iterable
2026-09-29 12:05:00.504 [Thread-1 (run_forever)] pyarrow_client.sockets ERROR Failed to parse market data: 'MarketTick' object is not iterable
2026-09-29 12:05:00.504 [Thread-1 (run_forever)] pyarrow_client.sockets ERROR Failed to parse market data: 'MarketTick' object is not iterable
2026-09-29 12:05:00.504 [Thread-1 (run_forever)] pyarrow_client.sockets ERROR Failed to parse market data: 'MarketTick' object is not iterable
2026-09-29 12:05:00.504 [Thread-1 (run_forever)] pyarrow_client.sockets ERROR Failed to parse market data: 'MarketTick' object is not iterable
2026-09-29 12:05:00.504 [Thread-1 (run_forever)] pyarrow_client.sockets ERROR Failed to parse market data: 'MarketTick' object is not iterable
2026-09-29 12:05:00.504 [Thread-1 (run_forever)] pyarrow_client.sockets ERROR Failed to parse market data: 'MarketTick' object is not iterable
2026-09-29 12:05:00.693 [Thread-1 (run_forever)] pyarrow_client.sockets ERROR Failed to parse market data: 'MarketTick' object is not iterable
2026-09-29 12:05:00.693 [Thread-1 (run_forever)] pyarrow_client.sockets ERROR Failed to parse market data: 'MarketTick' object is not iterable
2026-09-29 12:05:00.724 [Thread-1 (run_forever)] pyarrow_client.sockets ERROR Failed to parse market data: 'MarketTick' object is not iterable
2026-09-29 12:05:00.724 [Thread-1 (run_forever)] pyarrow_client.sockets ERROR Failed to parse market data: 'MarketTick' object is not iterable
2026-09-29 12:05:00.724 [Thread-1 (run_forever)] pyarrow_client.sockets ERROR Failed to parse market data: 'MarketTick' object is not iterable
2026-09-29 12:05:00.742 [Thread-1 (run_forever)] pyarrow_client.sockets ERROR Failed to parse market data: 'MarketTick' object is not iterable
2026-09-29 12:05:00.742 [Thread-1 (run_forever)] pyarrow_client.sockets ERROR Failed to parse market data: 'MarketTick' object is not iterable
2026-09-29 12:05:00.742 [Thread-1 (run_forever)] pyarrow_client.sockets ERROR Failed to parse market data: 'MarketTick' object is not iterable
2026-09-29 12:05:00.744 [Thread-1 (run_forever)] pyarrow_client.sockets ERROR Failed to parse market data: 'MarketTick' object is not iterable
2026-09-29 12:05:00.882 [Thread-1 (run_forever)] pyarrow_client.sockets ERROR Failed to parse market data: 'MarketTick' object is not iterable
2026-09-29 12:05:00.882 [Thread-1 (run_forever)] pyarrow_client.sockets ERROR Failed to parse market data: 'MarketTick' object is not iterable
2026-09-29 12:05:00.882 [Thread-1 (run_forever)] pyarrow_client.sockets ERROR Failed to parse market data: 'MarketTick' object is not iterable
2026-09-29 12:05:00.919 [Thread-1 (run_forever)] pyarrow_client.sockets ERROR Failed to parse market data: 'MarketTick' object is not iterable
2026-09-29 12:05:00.928 [Thread-1 (run_forever)] pyarrow_client.sockets ERROR Failed to parse market data: 'MarketTick' object is not iterable
2026-09-29 12:05:00.929 [Thread-1 (run_forever)] pyarrow_client.sockets ERROR Failed to parse market data: 'MarketTick' object is not iterable
2026-09-29 12:05:00.929 [Thread-1 (run_forever)] pyarrow_client.sockets ERROR Failed to parse market data: 'MarketTick' object is not iterable
2026-09-29 12:05:00.929 [Thread-1 (run_forever)] pyarrow_client.sockets ERROR Failed to parse market data: 'MarketTick' object is not iterable
2026-09-29 12:05:00.977 [Thread-1 (run_forever)] pyarrow_client.sockets ERROR Failed to parse market data: 'MarketTick' object is not iterable
2026-09-29 12:05:01.000 [Thread-1 (run_forever)] pyarrow_client.sockets ERROR Failed to parse market data: 'MarketTick' object is not iterable
2026-09-29 12:05:01.020 [Thread-1 (run_forever)] pyarrow_client.sockets ERROR Failed to parse market data: 'MarketTick' object is not iterable
2026-09-29 12:05:01.023 [Thread-1 (run_forever)] pyarrow_client.sockets ERROR Failed to parse market data: 'MarketTick' object is not iterable
2026-09-29 12:05:01.055 [Thread-1 (run_forever)] pyarrow_client.sockets ERROR Failed to parse market data: 'MarketTick' object is not iterable
2026-09-29 12:05:01.055 [Thread-1 (run_forever)] pyarrow_client.sockets ERROR Failed to parse market data: 'MarketTick' object is not iterable
2026-09-29 12:05:01.055 [Thread-1 (run_forever)] pyarrow_client.sockets ERROR Failed to parse market data: 'MarketTick' object is not iterable
2026-09-29 12:05:01.055 [Thread-1 (run_forever)] pyarrow_client.sockets ERROR Failed to parse market data: 'MarketTick' object is not iterable
2026-09-29 12:05:01.086 [Thread-1 (run_forever)] pyarrow_client.sockets ERROR Failed to parse market data: 'MarketTick' object is not iterable
2026-09-29 12:05:01.102 [Thread-1 (run_forever)] pyarrow_client.sockets ERROR Failed to parse market data: 'MarketTick' object is not iterable
2026-09-29 12:05:01.102 [Thread-1 (run_forever)] pyarrow_client.sockets ERROR Failed to parse market data: 'MarketTick' object is not iterable
2026-09-29 12:05:01.244 [Thread-1 (run_forever)] pyarrow_client.sockets ERROR Failed to parse market data: 'MarketTick' object is not iterable
2026-09-29 12:05:01.344 [Thread-1 (run_forever)] pyarrow_client.sockets ERROR Failed to parse market data: 'MarketTick' object is not iterable
2026-09-29 12:05:01.377 [Thread-1 (run_forever)] pyarrow_client.sockets ERROR Failed to parse market data: 'MarketTick' object is not iterable
2026-09-29 12:05:01.377 [Thread-1 (run_forever)] pyarrow_client.sockets ERROR Failed to parse market data: 'MarketTick' object is not iterable
2026-09-29 12:05:01.390 [Thread-1 (run_forever)] pyarrow_client.sockets ERROR Failed to parse market data: 'MarketTick' object is not iterable
2026-09-29 12:05:01.578 [Thread-1 (run_forever)] pyarrow_client.sockets ERROR Failed to parse market data: 'MarketTick' object is not iterable
2026-09-29 12:05:01.578 [Thread-1 (run_forever)] pyarrow_client.sockets ERROR Failed to parse market data: 'MarketTick' object is not iterable
2026-09-29 12:05:01.623 [Thread-1 (run_forever)] pyarrow_client.sockets ERROR Failed to parse market data: 'MarketTick' object is not iterable
2026-09-29 12:05:01.623 [Thread-1 (run_forever)] pyarrow_client.sockets ERROR Failed to parse market data: 'MarketTick' object is not iterable
2026-09-29 12:05:01.625 [Thread-1 (run_forever)] pyarrow_client.sockets ERROR Failed to parse market data: 'MarketTick' object is not iterable
2026-09-29 12:05:01.726 [Thread-1 (run_forever)] pyarrow_client.sockets ERROR Failed to parse market data: 'MarketTick' object is not iterable
2026-09-29 12:05:01.741 [Thread-1 (run_forever)] pyarrow_client.sockets ERROR Failed to parse market data: 'MarketTick' object is not iterable
2026-09-29 12:05:01.783 [Thread-1 (run_forever)] pyarrow_client.sockets ERROR Failed to parse market data: 'MarketTick' object is not iterable
2026-09-29 12:05:01.819 [Thread-1 (run_forever)] pyarrow_client.sockets ERROR Failed to parse market data: 'MarketTick' object is not iterable
2026-09-29 12:05:01.885 [Thread-1 (run_forever)] pyarrow_client.sockets ERROR Failed to parse market data: 'MarketTick' object is not iterable
2026-09-29 12:05:01.894 [Thread-1 (run_forever)] pyarrow_client.sockets ERROR Failed to parse market data: 'MarketTick' object is not iterable
2026-09-29 12:05:01.894 [Thread-1 (run_forever)] pyarrow_client.sockets ERROR Failed to parse market data: 'MarketTick' object is not iterable
2026-09-29 12:05:01.910 [Thread-1 (run_forever)] pyarrow_client.sockets ERROR Failed to parse market data: 'MarketTick' object is not iterable
2026-09-29 12:05:01.910 [Thread-1 (run_forever)] pyarrow_client.sockets ERROR Failed to parse market data: 'MarketTick' object is not iterable
2026-09-29 12:05:01.942 [Thread-1 (run_forever)] pyarrow_client.sockets ERROR Failed to parse market data: 'MarketTick' object is not iterable
2026-09-29 12:05:01.942 [Thread-1 (run_forever)] pyarrow_client.sockets ERROR Failed to parse market data: 'MarketTick' object is not iterable
2026-09-29 12:05:01.942 [Thread-1 (run_forever)] pyarrow_client.sockets ERROR Failed to parse market data: 'MarketTick' object is not iterable
2026-09-29 12:05:01.942 [Thread-1 (run_forever)] pyarrow_client.sockets ERROR Failed to parse market data: 'MarketTick' object is not iterable
2026-09-29 12:05:01.979 [Thread-1 (run_forever)] pyarrow_client.sockets ERROR Failed to parse market data: 'MarketTick' object is not iterable
2026-09-29 12:05:01.995 [Thread-1 (run_forever)] pyarrow_client.sockets ERROR Failed to parse market data: 'MarketTick' object is not iterable
2026-09-29 12:05:01.995 [Thread-1 (run_forever)] pyarrow_client.sockets ERROR Failed to parse market data: 'MarketTick' object is not iterable
2026-09-29 12:05:02.060 [Thread-1 (run_forever)] pyarrow_client.sockets ERROR Failed to parse market data: 'MarketTick' object is not iterable
2026-09-29 12:05:02.060 [Thread-1 (run_forever)] pyarrow_client.sockets ERROR Failed to parse market data: 'MarketTick' object is not iterable
2026-09-29 12:05:02.062 [Thread-1 (run_forever)] pyarrow_client.sockets ERROR Failed to parse market data: 'MarketTick' object is not iterable
2026-09-29 12:05:02.146 [Thread-1 (run_forever)] pyarrow_client.sockets ERROR Failed to parse market data: 'MarketTick' object is not iterable
2026-09-29 12:05:02.249 [Thread-1 (run_forever)] pyarrow_client.sockets ERROR Failed to parse market data: 'MarketTick' object is not iterable
2026-09-29 12:05:02.279 [Thread-1 (run_forever)] pyarrow_client.sockets ERROR Failed to parse market data: 'MarketTick' object is not iterable
2026-09-29 12:05:02.299 [Thread-1 (run_forever)] pyarrow_client.sockets ERROR Failed to parse market data: 'MarketTick' object is not iterable
2026-09-29 12:05:02.483 [Thread-1 (run_forever)] pyarrow_client.sockets ERROR Failed to parse market data: 'MarketTick' object is not iterable
2026-09-29 12:05:02.488 [Thread-1 (run_forever)] pyarrow_client.sockets ERROR Failed to parse market data: 'MarketTick' object is not iterable
2026-09-29 12:05:02.492 [Thread-1 (run_forever)] pyarrow_client.sockets ERROR Failed to parse market data: 'MarketTick' object is not iterable
2026-09-29 12:05:02.519 [Thread-1 (run_forever)] pyarrow_client.sockets ERROR Failed to parse market data: 'MarketTick' object is not iterable
2026-09-29 12:05:02.519 [Thread-1 (run_forever)] pyarrow_client.sockets ERROR Failed to parse market data: 'MarketTick' object is not iterable
2026-09-29 12:05:02.522 [Thread-1 (run_forever)] pyarrow_client.sockets ERROR Failed to parse market data: 'MarketTick' object is not iterable
2026-09-29 12:05:02.680 [Thread-1 (run_forever)] pyarrow_client.sockets ERROR Failed to parse market data: 'MarketTick' object is not iterable
2026-09-29 12:05:02.711 [Thread-1 (run_forever)] pyarrow_client.sockets ERROR Failed to parse market data: 'MarketTick' object is not iterable
2026-09-29 12:05:02.726 [Thread-1 (run_forever)] pyarrow_client.sockets ERROR Failed to parse market data: 'MarketTick' object is not iterable
2026-09-29 12:05:02.726 [Thread-1 (run_forever)] pyarrow_client.sockets ERROR Failed to parse market data: 'MarketTick' object is not iterable
2026-09-29 12:05:02.726 [Thread-1 (run_forever)] pyarrow_client.sockets ERROR Failed to parse market data: 'MarketTick' object is not iterable
2026-09-29 12:05:02.726 [Thread-1 (run_forever)] pyarrow_client.sockets ERROR Failed to parse market data: 'MarketTick' object is not iterable
2026-09-29 12:05:02.785 [Thread-1 (run_forever)] pyarrow_client.sockets ERROR Failed to parse market data: 'MarketTick' object is not iterable
2026-09-29 12:05:02.801 [Thread-1 (run_forever)] pyarrow_client.sockets ERROR Failed to parse market data: 'MarketTick' object is not iterable
2026-09-29 12:05:02.816 [Thread-1 (run_forever)] pyarrow_client.sockets ERROR Failed to parse market data: 'MarketTick' object is not iterable
2026-09-29 12:05:02.816 [Thread-1 (run_forever)] pyarrow_client.sockets ERROR Failed to parse market data: 'MarketTick' object is not iterable
2026-09-29 12:05:02.880 [Thread-1 (run_forever)] pyarrow_client.sockets ERROR Failed to parse market data: 'MarketTick' object is not iterable
2026-09-29 12:05:02.895 [Thread-1 (run_forever)] pyarrow_client.sockets ERROR Failed to parse market data: 'MarketTick' object is not iterable
2026-09-29 12:05:02.895 [Thread-1 (run_forever)] pyarrow_client.sockets ERROR Failed to parse market data: 'MarketTick' object is not iterable
2026-09-29 12:05:02.895 [Thread-1 (run_forever)] pyarrow_client.sockets ERROR Failed to parse market data: 'MarketTick' object is not iterable
2026-09-29 12:05:02.911 [Thread-1 (run_forever)] pyarrow_client.sockets ERROR Failed to parse market data: 'MarketTick' object is not iterable
2026-09-29 12:05:02.947 [Thread-1 (run_forever)] pyarrow_client.sockets ERROR Failed to parse market data: 'MarketTick' object is not iterable
2026-09-29 12:05:03.041 [Thread-1 (run_forever)] pyarrow_client.sockets ERROR Failed to parse market data: 'MarketTick' object is not iterable
2026-09-29 12:05:03.057 [Thread-1 (run_forever)] pyarrow_client.sockets ERROR Failed to parse market data: 'MarketTick' object is not iterable
2026-09-29 12:05:03.057 [Thread-1 (run_forever)] pyarrow_client.sockets ERROR Failed to parse market data: 'MarketTick' object is not iterable
2026-09-29 12:05:03.057 [Thread-1 (run_forever)] pyarrow_client.sockets ERROR Failed to parse market data: 'MarketTick' object is not iterable
2026-09-29 12:05:03.057 [Thread-1 (run_forever)] pyarrow_client.sockets ERROR Failed to parse market data: 'MarketTick' object is not iterable
2026-09-29 12:05:03.136 [Thread-1 (run_forever)] pyarrow_client.sockets ERROR Failed to parse market data: 'MarketTick' object is not iterable
2026-09-29 12:05:03.183 [Thread-1 (run_forever)] pyarrow_client.sockets ERROR Failed to parse market data: 'MarketTick' object is not iterable
2026-09-29 12:05:03.203 [Thread-1 (run_forever)] pyarrow_client.sockets ERROR Failed to parse market data: 'MarketTick' object is not iterable
2026-09-29 12:05:03.389 [Thread-1 (run_forever)] pyarrow_client.sockets ERROR Failed to parse market data: 'MarketTick' object is not iterable
2026-09-29 12:05:03.391 [Thread-1 (run_forever)] pyarrow_client.sockets ERROR Failed to parse market data: 'MarketTick' object is not iterable
2026-09-29 12:05:03.395 [Thread-1 (run_forever)] pyarrow_client.sockets ERROR Failed to parse market data: 'MarketTick' object is not iterable
2026-09-29 12:05:03.422 [Thread-1 (run_forever)] pyarrow_client.sockets ERROR Failed to parse market data: 'MarketTick' object is not iterable
2026-09-29 12:05:03.422 [Thread-1 (run_forever)] pyarrow_client.sockets ERROR Failed to parse market data: 'MarketTick' object is not iterable
2026-09-29 12:05:03.422 [Thread-1 (run_forever)] pyarrow_client.sockets ERROR Failed to parse market data: 'MarketTick' object is not iterable
2026-09-29 12:05:03.588 [Thread-1 (run_forever)] pyarrow_client.sockets ERROR Failed to parse market data: 'MarketTick' object is not iterable
2026-09-29 12:05:03.620 [Thread-1 (run_forever)] pyarrow_client.sockets ERROR Failed to parse market data: 'MarketTick' object is not iterable
2026-09-29 12:05:03.687 [Thread-1 (run_forever)] pyarrow_client.sockets ERROR Failed to parse market data: 'MarketTick' object is not iterable
2026-09-29 12:05:03.704 [Thread-1 (run_forever)] pyarrow_client.sockets ERROR Failed to parse market data: 'MarketTick' object is not iterable
2026-09-29 12:05:03.720 [Thread-1 (run_forever)] pyarrow_client.sockets ERROR Failed to parse market data: 'MarketTick' object is not iterable
2026-09-29 12:05:03.720 [Thread-1 (run_forever)] pyarrow_client.sockets ERROR Failed to parse market data: 'MarketTick' object is not iterable
2026-09-29 12:05:03.728 [Thread-1 (run_forever)] pyarrow_client.sockets ERROR Failed to parse market data: 'MarketTick' object is not iterable
2026-09-29 12:05:03.728 [Thread-1 (run_forever)] pyarrow_client.sockets ERROR Failed to parse market data: 'MarketTick' object is not iterable
2026-09-29 12:05:03.728 [Thread-1 (run_forever)] pyarrow_client.sockets ERROR Failed to parse market data: 'MarketTick' object is not iterable
2026-09-29 12:05:03.789 [Thread-1 (run_forever)] pyarrow_client.sockets ERROR Failed to parse market data: 'MarketTick' object is not iterable
2026-09-29 12:05:03.805 [Thread-1 (run_forever)] pyarrow_client.sockets ERROR Failed to parse market data: 'MarketTick' object is not iterable
2026-09-29 12:05:03.805 [Thread-1 (run_forever)] pyarrow_client.sockets ERROR Failed to parse market data: 'MarketTick' object is not iterable
2026-09-29 12:05:03.897 [Thread-1 (run_forever)] pyarrow_client.sockets ERROR Failed to parse market data: 'MarketTick' object is not iterable
2026-09-29 12:05:03.949 [Thread-1 (run_forever)] pyarrow_client.sockets ERROR Failed to parse market data: 'MarketTick' object is not iterable
2026-09-29 12:05:03.949 [Thread-1 (run_forever)] pyarrow_client.sockets ERROR Failed to parse market data: 'MarketTick' object is not iterable
2026-09-29 12:05:03.949 [Thread-1 (run_forever)] pyarrow_client.sockets ERROR Failed to parse market data: 'MarketTick' object is not iterable
2026-09-29 12:05:03.949 [Thread-1 (run_forever)] pyarrow_client.sockets ERROR Failed to parse market data: 'MarketTick' object is not iterable
2026-09-29 12:05:04.048 [Thread-1 (run_forever)] pyarrow_client.sockets ERROR Failed to parse market data: 'MarketTick' object is not iterable
2026-09-29 12:05:04.060 [Thread-1 (run_forever)] pyarrow_client.sockets ERROR Failed to parse market data: 'MarketTick' object is not iterable
2026-09-29 12:05:04.060 [Thread-1 (run_forever)] pyarrow_client.sockets ERROR Failed to parse market data: 'MarketTick' object is not iterable
2026-09-29 12:05:04.060 [Thread-1 (run_forever)] pyarrow_client.sockets ERROR Failed to parse market data: 'MarketTick' object is not iterable
2026-09-29 12:05:04.085 [Thread-1 (run_forever)] pyarrow_client.sockets ERROR Failed to parse market data: 'MarketTick' object is not iterable
2026-09-29 12:05:04.103 [Thread-1 (run_forever)] pyarrow_client.sockets ERROR Failed to parse market data: 'MarketTick' object is not iterable
2026-09-29 12:05:04.288 [Thread-1 (run_forever)] pyarrow_client.sockets ERROR Failed to parse market data: 'MarketTick' object is not iterable
2026-09-29 12:05:04.289 [Thread-1 (run_forever)] pyarrow_client.sockets ERROR Failed to parse market data: 'MarketTick' object is not iterable
2026-09-29 12:05:04.289 [Thread-1 (run_forever)] pyarrow_client.sockets ERROR Failed to parse market data: 'MarketTick' object is not iterable
2026-09-29 12:05:04.322 [Thread-1 (run_forever)] pyarrow_client.sockets ERROR Failed to parse market data: 'MarketTick' object is not iterable
2026-09-29 12:05:04.324 [Thread-1 (run_forever)] pyarrow_client.sockets ERROR Failed to parse market data: 'MarketTick' object is not iterable
2026-09-29 12:05:04.324 [Thread-1 (run_forever)] pyarrow_client.sockets ERROR Failed to parse market data: 'MarketTick' object is not iterable
2026-09-29 12:05:04.486 [Thread-1 (run_forever)] pyarrow_client.sockets ERROR Failed to parse market data: 'MarketTick' object is not iterable
2026-09-29 12:05:04.524 [Thread-1 (run_forever)] pyarrow_client.sockets ERROR Failed to parse market data: 'MarketTick' object is not iterable
2026-09-29 12:05:04.587 [Thread-1 (run_forever)] pyarrow_client.sockets ERROR Failed to parse market data: 'MarketTick' object is not iterable
2026-09-29 12:05:04.605 [Thread-1 (run_forever)] pyarrow_client.sockets ERROR Failed to parse market data: 'MarketTick' object is not iterable
2026-09-29 12:05:04.625 [Thread-1 (run_forever)] pyarrow_client.sockets ERROR Failed to parse market data: 'MarketTick' object is not iterable
2026-09-29 12:05:04.647 [Thread-1 (run_forever)] pyarrow_client.sockets ERROR Failed to parse market data: 'MarketTick' object is not iterable
2026-09-29 12:05:04.690 [Thread-1 (run_forever)] pyarrow_client.sockets ERROR Failed to parse market data: 'MarketTick' object is not iterable
2026-09-29 12:05:04.703 [Thread-1 (run_forever)] pyarrow_client.sockets ERROR Failed to parse market data: 'MarketTick' object is not iterable
2026-09-29 12:05:04.703 [Thread-1 (run_forever)] pyarrow_client.sockets ERROR Failed to parse market data: 'MarketTick' object is not iterable
2026-09-29 12:05:04.716 [Thread-1 (run_forever)] pyarrow_client.sockets ERROR Failed to parse market data: 'MarketTick' object is not iterable
2026-09-29 12:05:04.716 [Thread-1 (run_forever)] pyarrow_client.sockets ERROR Failed to parse market data: 'MarketTick' object is not iterable
2026-09-29 12:05:04.716 [Thread-1 (run_forever)] pyarrow_client.sockets ERROR Failed to parse market data: 'MarketTick' object is not iterable
2026-09-29 12:05:04.848 [Thread-1 (run_forever)] pyarrow_client.sockets ERROR Failed to parse market data: 'MarketTick' object is not iterable
2026-09-29 12:05:04.894 [Thread-1 (run_forever)] pyarrow_client.sockets ERROR Failed to parse market data: 'MarketTick' object is not iterable
2026-09-29 12:05:04.924 [Thread-1 (run_forever)] pyarrow_client.sockets ERROR Failed to parse market data: 'MarketTick' object is not iterable
2026-09-29 12:05:04.924 [Thread-1 (run_forever)] pyarrow_client.sockets ERROR Failed to parse market data: 'MarketTick' object is not iterable
2026-09-29 12:05:04.924 [Thread-1 (run_forever)] pyarrow_client.sockets ERROR Failed to parse market data: 'MarketTick' object is not iterable
2026-09-29 12:05:04.943 [Thread-1 (run_forever)] pyarrow_client.sockets ERROR Failed to parse market data: 'MarketTick' object is not iterable
2026-09-29 12:05:04.987 [Thread-1 (run_forever)] pyarrow_client.sockets ERROR Failed to parse market data: 'MarketTick' object is not iterable
2026-09-29 12:05:05.007 [Thread-1 (run_forever)] pyarrow_client.sockets ERROR Failed to parse market data: 'MarketTick' object is not iterable
2026-09-29 12:05:05.060 [Thread-1 (run_forever)] pyarrow_client.sockets ERROR Failed to parse market data: 'MarketTick' object is not iterable
2026-09-29 12:05:05.060 [Thread-1 (run_forever)] pyarrow_client.sockets ERROR Failed to parse market data: 'MarketTick' object is not iterable
2026-09-29 12:05:05.062 [Thread-1 (run_forever)] pyarrow_client.sockets ERROR Failed to parse market data: 'MarketTick' object is not iterable
2026-09-29 12:05:05.183 [Thread-1 (run_forever)] pyarrow_client.sockets ERROR Failed to parse market data: 'MarketTick' object is not iterable
2026-09-29 12:05:05.190 [Thread-1 (run_forever)] pyarrow_client.sockets ERROR Failed to parse market data: 'MarketTick' object is not iterable
2026-09-29 12:05:05.190 [Thread-1 (run_forever)] pyarrow_client.sockets ERROR Failed to parse market data: 'MarketTick' object is not iterable
2026-09-29 12:05:05.231 [Thread-1 (run_forever)] pyarrow_client.sockets ERROR Failed to parse market data: 'MarketTick' object is not iterable
2026-09-29 12:05:05.231 [Thread-1 (run_forever)] pyarrow_client.sockets ERROR Failed to parse market data: 'MarketTick' object is not iterable
2026-09-29 12:05:05.231 [Thread-1 (run_forever)] pyarrow_client.sockets ERROR Failed to parse market data: 'MarketTick' object is not iterable
2026-09-29 12:05:05.388 [Thread-1 (run_forever)] pyarrow_client.sockets ERROR Failed to parse market data: 'MarketTick' object is not iterable
2026-09-29 12:05:05.427 [Thread-1 (run_forever)] pyarrow_client.sockets ERROR Failed to parse market data: 'MarketTick' object is not iterable
2026-09-29 12:05:05.489 [Thread-1 (run_forever)] pyarrow_client.sockets ERROR Failed to parse market data: 'MarketTick' object is not iterable
2026-09-29 12:05:05.510 [Thread-1 (run_forever)] pyarrow_client.sockets ERROR Failed to parse market data: 'MarketTick' object is not iterable
2026-09-29 12:05:05.523 [Thread-1 (run_forever)] pyarrow_client.sockets ERROR Failed to parse market data: 'MarketTick' object is not iterable
2026-09-29 12:05:05.523 [Thread-1 (run_forever)] pyarrow_client.sockets ERROR Failed to parse market data: 'MarketTick' object is not iterable
2026-09-29 12:05:05.585 [Thread-1 (run_forever)] pyarrow_client.sockets ERROR Failed to parse market data: 'MarketTick' object is not iterable
2026-09-29 12:05:05.609 [Thread-1 (run_forever)] pyarrow_client.sockets ERROR Failed to parse market data: 'MarketTick' object is not iterable
2026-09-29 12:05:05.609 [Thread-1 (run_forever)] pyarrow_client.sockets ERROR Failed to parse market data: 'MarketTick' object is not iterable
2026-09-29 12:05:05.872 [Thread-1 (run_forever)] pyarrow_client.sockets ERROR Failed to parse market data: 'MarketTick' object is not iterable
2026-09-29 12:05:05.872 [Thread-1 (run_forever)] pyarrow_client.sockets ERROR Failed to parse market data: 'MarketTick' object is not iterable
2026-09-29 12:05:05.875 [Thread-1 (run_forever)] pyarrow_client.sockets ERROR Failed to parse market data: 'MarketTick' object is not iterable
2026-09-29 12:05:05.875 [Thread-1 (run_forever)] pyarrow_client.sockets ERROR Failed to parse market data: 'MarketTick' object is not iterable
2026-09-29 12:05:05.875 [Thread-1 (run_forever)] pyarrow_client.sockets ERROR Failed to parse market data: 'MarketTick' object is not iterable
2026-09-29 12:05:05.904 [Thread-1 (run_forever)] pyarrow_client.sockets ERROR Failed to parse market data: 'MarketTick' object is not iterable
2026-09-29 12:05:05.906 [Thread-1 (run_forever)] pyarrow_client.sockets ERROR Failed to parse market data: 'MarketTick' object is not iterable
2026-09-29 12:05:05.908 [Thread-1 (run_forever)] pyarrow_client.sockets ERROR Failed to parse market data: 'MarketTick' object is not iterable
2026-09-29 12:05:05.933 [Thread-1 (run_forever)] pyarrow_client.sockets ERROR Failed to parse market data: 'MarketTick' object is not iterable
2026-09-29 12:05:06.061 [Thread-1 (run_forever)] pyarrow_client.sockets ERROR Failed to parse market data: 'MarketTick' object is not iterable
2026-09-29 12:05:06.061 [Thread-1 (run_forever)] pyarrow_client.sockets ERROR Failed to parse market data: 'MarketTick' object is not iterable
2026-09-29 12:05:06.061 [Thread-1 (run_forever)] pyarrow_client.sockets ERROR Failed to parse market data: 'MarketTick' object is not iterable
2026-09-29 12:05:06.063 [Thread-1 (run_forever)] pyarrow_client.sockets ERROR Failed to parse market data: 'MarketTick' object is not iterable
2026-09-29 12:05:06.089 [Thread-1 (run_forever)] pyarrow_client.sockets ERROR Failed to parse market data: 'MarketTick' object is not iterable
2026-09-29 12:05:06.089 [Thread-1 (run_forever)] pyarrow_client.sockets ERROR Failed to parse market data: 'MarketTick' object is not iterable
2026-09-29 12:05:06.091 [Thread-1 (run_forever)] pyarrow_client.sockets ERROR Failed to parse market data: 'MarketTick' object is not iterable
2026-09-29 12:05:06.124 [Thread-1 (run_forever)] pyarrow_client.sockets ERROR Failed to parse market data: 'MarketTick' object is not iterable
2026-09-29 12:05:06.124 [Thread-1 (run_forever)] pyarrow_client.sockets ERROR Failed to parse market data: 'MarketTick' object is not iterable
2026-09-29 12:05:06.124 [Thread-1 (run_forever)] pyarrow_client.sockets ERROR Failed to parse market data: 'MarketTick' object is not iterable
2026-09-29 12:05:06.287 [Thread-1 (run_forever)] pyarrow_client.sockets ERROR Failed to parse market data: 'MarketTick' object is not iterable
2026-09-29 12:05:06.328 [Thread-1 (run_forever)] pyarrow_client.sockets ERROR Failed to parse market data: 'MarketTick' object is not iterable
2026-09-29 12:05:06.388 [Thread-1 (run_forever)] pyarrow_client.sockets ERROR Failed to parse market data: 'MarketTick' object is not iterable
2026-09-29 12:05:06.410 [Thread-1 (run_forever)] pyarrow_client.sockets ERROR Failed to parse market data: 'MarketTick' object is not iterable
2026-09-29 12:05:06.434 [Thread-1 (run_forever)] pyarrow_client.sockets ERROR Failed to parse market data: 'MarketTick' object is not iterable
2026-09-29 12:05:06.434 [Thread-1 (run_forever)] pyarrow_client.sockets ERROR Failed to parse market data: 'MarketTick' object is not iterable
2026-09-29 12:05:06.490 [Thread-1 (run_forever)] pyarrow_client.sockets ERROR Failed to parse market data: 'MarketTick' object is not iterable
2026-09-29 12:05:06.509 [Thread-1 (run_forever)] pyarrow_client.sockets ERROR Failed to parse market data: 'MarketTick' object is not iterable
2026-09-29 12:05:06.513 [Thread-1 (run_forever)] pyarrow_client.sockets ERROR Failed to parse market data: 'MarketTick' object is not iterable
2026-09-29 12:05:06.649 [Thread-1 (run_forever)] pyarrow_client.sockets ERROR Failed to parse market data: 'MarketTick' object is not iterable
2026-09-29 12:05:06.726 [Thread-1 (run_forever)] pyarrow_client.sockets ERROR Failed to parse market data: 'MarketTick' object is not iterable
2026-09-29 12:05:06.726 [Thread-1 (run_forever)] pyarrow_client.sockets ERROR Failed to parse market data: 'MarketTick' object is not iterable
2026-09-29 12:05:06.733 [Thread-1 (run_forever)] pyarrow_client.sockets ERROR Failed to parse market data: 'MarketTick' object is not iterable
2026-09-29 12:05:06.742 [Thread-1 (run_forever)] pyarrow_client.sockets ERROR Failed to parse market data: 'MarketTick' object is not iterable
2026-09-29 12:05:06.742 [Thread-1 (run_forever)] pyarrow_client.sockets ERROR Failed to parse market data: 'MarketTick' object is not iterable
2026-09-29 12:05:06.752 [Thread-1 (run_forever)] pyarrow_client.sockets ERROR Failed to parse market data: 'MarketTick' object is not iterable
2026-09-29 12:05:06.790 [Thread-1 (run_forever)] pyarrow_client.sockets ERROR Failed to parse market data: 'MarketTick' object is not iterable
2026-09-29 12:05:06.810 [Thread-1 (run_forever)] pyarrow_client.sockets ERROR Failed to parse market data: 'MarketTick' object is not iterable
2026-09-29 12:05:06.898 [Thread-1 (run_forever)] pyarrow_client.sockets ERROR Failed to parse market data: 'MarketTick' object is not iterable
2026-09-29 12:05:06.898 [Thread-1 (run_forever)] pyarrow_client.sockets ERROR Failed to parse market data: 'MarketTick' object is not iterable
2026-09-29 12:05:06.926 [Thread-1 (run_forever)] pyarrow_client.sockets ERROR Failed to parse market data: 'MarketTick' object is not iterable
2026-09-29 12:05:06.926 [Thread-1 (run_forever)] pyarrow_client.sockets ERROR Failed to parse market data: 'MarketTick' object is not iterable
2026-09-29 12:05:06.926 [Thread-1 (run_forever)] pyarrow_client.sockets ERROR Failed to parse market data: 'MarketTick' object is not iterable
2026-09-29 12:05:06.926 [Thread-1 (run_forever)] pyarrow_client.sockets ERROR Failed to parse market data: 'MarketTick' object is not iterable
2026-09-29 12:05:06.989 [Thread-1 (run_forever)] pyarrow_client.sockets ERROR Failed to parse market data: 'MarketTick' object is not iterable
2026-09-29 12:05:06.991 [Thread-1 (run_forever)] pyarrow_client.sockets ERROR Failed to parse market data: 'MarketTick' object is not iterable
2026-09-29 12:05:06.991 [Thread-1 (run_forever)] pyarrow_client.sockets ERROR Failed to parse market data: 'MarketTick' object is not iterable
2026-09-29 12:05:07.027 [Thread-1 (run_forever)] pyarrow_client.sockets ERROR Failed to parse market data: 'MarketTick' object is not iterable
2026-09-29 12:05:07.031 [Thread-1 (run_forever)] pyarrow_client.sockets ERROR Failed to parse market data: 'MarketTick' object is not iterable
2026-09-29 12:05:07.031 [Thread-1 (run_forever)] pyarrow_client.sockets ERROR Failed to parse market data: 'MarketTick' object is not iterable
2026-09-29 12:05:07.058 [Thread-1 (run_forever)] pyarrow_client.sockets ERROR Failed to parse market data: 'MarketTick' object is not iterable
2026-09-29 12:05:07.058 [Thread-1 (run_forever)] pyarrow_client.sockets ERROR Failed to parse market data: 'MarketTick' object is not iterable
2026-09-29 12:05:07.064 [Thread-1 (run_forever)] pyarrow_client.sockets ERROR Failed to parse market data: 'MarketTick' object is not iterable
2026-09-29 12:05:07.064 [Thread-1 (run_forever)] pyarrow_client.sockets ERROR Failed to parse market data: 'MarketTick' object is not iterable
2026-09-29 12:05:07.309 [Thread-1 (run_forever)] pyarrow_client.sockets ERROR Failed to parse market data: 'MarketTick' object is not iterable
2026-09-29 12:05:07.309 [Thread-1 (run_forever)] pyarrow_client.sockets ERROR Failed to parse market data: 'MarketTick' object is not iterable
2026-09-29 12:05:07.313 [Thread-1 (run_forever)] pyarrow_client.sockets ERROR Failed to parse market data: 'MarketTick' object is not iterable
2026-09-29 12:05:07.331 [Thread-1 (run_forever)] pyarrow_client.sockets ERROR Failed to parse market data: 'MarketTick' object is not iterable
2026-09-29 12:05:07.331 [Thread-1 (run_forever)] pyarrow_client.sockets ERROR Failed to parse market data: 'MarketTick' object is not iterable
2026-09-29 12:05:07.331 [Thread-1 (run_forever)] pyarrow_client.sockets ERROR Failed to parse market data: 'MarketTick' object is not iterable
2026-09-29 12:05:07.391 [Thread-1 (run_forever)] pyarrow_client.sockets ERROR Failed to parse market data: 'MarketTick' object is not iterable
2026-09-29 12:05:07.413 [Thread-1 (run_forever)] pyarrow_client.sockets ERROR Failed to parse market data: 'MarketTick' object is not iterable
2026-09-29 12:05:07.433 [Thread-1 (run_forever)] pyarrow_client.sockets ERROR Failed to parse market data: 'MarketTick' object is not iterable
2026-09-29 12:05:07.547 [Thread-1 (run_forever)] pyarrow_client.sockets ERROR Failed to parse market data: 'MarketTick' object is not iterable
2026-09-29 12:05:07.650 [Thread-1 (run_forever)] pyarrow_client.sockets ERROR Failed to parse market data: 'MarketTick' object is not iterable
2026-09-29 12:05:07.690 [Thread-1 (run_forever)] pyarrow_client.sockets ERROR Failed to parse market data: 'MarketTick' object is not iterable
2026-09-29 12:05:07.718 [Thread-1 (run_forever)] pyarrow_client.sockets ERROR Failed to parse market data: 'MarketTick' object is not iterable
2026-09-29 12:05:07.733 [Thread-1 (run_forever)] pyarrow_client.sockets ERROR Failed to parse market data: 'MarketTick' object is not iterable
2026-09-29 12:05:07.733 [Thread-1 (run_forever)] pyarrow_client.sockets ERROR Failed to parse market data: 'MarketTick' object is not iterable
2026-09-29 12:05:07.733 [Thread-1 (run_forever)] pyarrow_client.sockets ERROR Failed to parse market data: 'MarketTick' object is not iterable
2026-09-29 12:05:07.735 [Thread-1 (run_forever)] pyarrow_client.sockets ERROR Failed to parse market data: 'MarketTick' object is not iterable
2026-09-29 12:05:07.891 [Thread-1 (run_forever)] pyarrow_client.sockets ERROR Failed to parse market data: 'MarketTick' object is not iterable
2026-09-29 12:05:07.892 [Thread-1 (run_forever)] pyarrow_client.sockets ERROR Failed to parse market data: 'MarketTick' object is not iterable
2026-09-29 12:05:07.897 [Thread-1 (run_forever)] pyarrow_client.sockets ERROR Failed to parse market data: 'MarketTick' object is not iterable
2026-09-29 12:05:07.897 [Thread-1 (run_forever)] pyarrow_client.sockets ERROR Failed to parse market data: 'MarketTick' object is not iterable
2026-09-29 12:05:07.924 [Thread-1 (run_forever)] pyarrow_client.sockets ERROR Failed to parse market data: 'MarketTick' object is not iterable
2026-09-29 12:05:07.924 [Thread-1 (run_forever)] pyarrow_client.sockets ERROR Failed to parse market data: 'MarketTick' object is not iterable
2026-09-29 12:05:07.924 [Thread-1 (run_forever)] pyarrow_client.sockets ERROR Failed to parse market data: 'MarketTick' object is not iterable
2026-09-29 12:05:07.924 [Thread-1 (run_forever)] pyarrow_client.sockets ERROR Failed to parse market data: 'MarketTick' object is not iterable
2026-09-29 12:05:07.942 [Thread-1 (run_forever)] pyarrow_client.sockets ERROR Failed to parse market data: 'MarketTick' object is not iterable
2026-09-29 12:05:07.942 [Thread-1 (run_forever)] pyarrow_client.sockets ERROR Failed to parse market data: 'MarketTick' object is not iterable
2026-09-29 12:05:07.942 [Thread-1 (run_forever)] pyarrow_client.sockets ERROR Failed to parse market data: 'MarketTick' object is not iterable
2026-09-29 12:05:08.112 [Thread-1 (run_forever)] pyarrow_client.sockets ERROR Failed to parse market data: 'MarketTick' object is not iterable
2026-09-29 12:05:08.114 [Thread-1 (run_forever)] pyarrow_client.sockets ERROR Failed to parse market data: 'MarketTick' object is not iterable
2026-09-29 12:05:08.114 [Thread-1 (run_forever)] pyarrow_client.sockets ERROR Failed to parse market data: 'MarketTick' object is not iterable
2026-09-29 12:05:08.114 [Thread-1 (run_forever)] pyarrow_client.sockets ERROR Failed to parse market data: 'MarketTick' object is not iterable
2026-09-29 12:05:08.114 [Thread-1 (run_forever)] pyarrow_client.sockets ERROR Failed to parse market data: 'MarketTick' object is not iterable
2026-09-29 12:05:08.134 [Thread-1 (run_forever)] pyarrow_client.sockets ERROR Failed to parse market data: 'MarketTick' object is not iterable
2026-09-29 12:05:08.191 [Thread-1 (run_forever)] pyarrow_client.sockets ERROR Failed to parse market data: 'MarketTick' object is not iterable
2026-09-29 12:05:08.215 [Thread-1 (run_forever)] pyarrow_client.sockets ERROR Failed to parse market data: 'MarketTick' object is not iterable
2026-09-29 12:05:08.237 [Thread-1 (run_forever)] pyarrow_client.sockets ERROR Failed to parse market data: 'MarketTick' object is not iterable
2026-09-29 12:05:08.237 [Thread-1 (run_forever)] pyarrow_client.sockets ERROR Failed to parse market data: 'MarketTick' object is not iterable
2026-09-29 12:05:08.294 [Thread-1 (run_forever)] pyarrow_client.sockets ERROR Failed to parse market data: 'MarketTick' object is not iterable
2026-09-29 12:05:08.316 [Thread-1 (run_forever)] pyarrow_client.sockets ERROR Failed to parse market data: 'MarketTick' object is not iterable
2026-09-29 12:05:08.316 [Thread-1 (run_forever)] pyarrow_client.sockets ERROR Failed to parse market data: 'MarketTick' object is not iterable
2026-09-29 12:05:08.452 [Thread-1 (run_forever)] pyarrow_client.sockets ERROR Failed to parse market data: 'MarketTick' object is not iterable
2026-09-29 12:05:08.550 [Thread-1 (run_forever)] pyarrow_client.sockets ERROR Failed to parse market data: 'MarketTick' object is not iterable
2026-09-29 12:05:08.591 [Thread-1 (run_forever)] pyarrow_client.sockets ERROR Failed to parse market data: 'MarketTick' object is not iterable
2026-09-29 12:05:08.615 [Thread-1 (run_forever)] pyarrow_client.sockets ERROR Failed to parse market data: 'MarketTick' object is not iterable
2026-09-29 12:05:08.731 [Thread-1 (run_forever)] pyarrow_client.sockets ERROR Failed to parse market data: 'MarketTick' object is not iterable
2026-09-29 12:05:08.731 [Thread-1 (run_forever)] pyarrow_client.sockets ERROR Failed to parse market data: 'MarketTick' object is not iterable
2026-09-29 12:05:08.731 [Thread-1 (run_forever)] pyarrow_client.sockets ERROR Failed to parse market data: 'MarketTick' object is not iterable
2026-09-29 12:05:08.787 [Thread-1 (run_forever)] pyarrow_client.sockets ERROR Failed to parse market data: 'MarketTick' object is not iterable
2026-09-29 12:05:08.794 [Thread-1 (run_forever)] pyarrow_client.sockets ERROR Failed to parse market data: 'MarketTick' object is not iterable
2026-09-29 12:05:08.829 [Thread-1 (run_forever)] pyarrow_client.sockets ERROR Failed to parse market data: 'MarketTick' object is not iterable
2026-09-29 12:05:08.829 [Thread-1 (run_forever)] pyarrow_client.sockets ERROR Failed to parse market data: 'MarketTick' object is not iterable
2026-09-29 12:05:08.831 [Thread-1 (run_forever)] pyarrow_client.sockets ERROR Failed to parse market data: 'MarketTick' object is not iterable
2026-09-29 12:05:08.897 [Thread-1 (run_forever)] pyarrow_client.sockets ERROR Failed to parse market data: 'MarketTick' object is not iterable
2026-09-29 12:05:08.924 [Thread-1 (run_forever)] pyarrow_client.sockets ERROR Failed to parse market data: 'MarketTick' object is not iterable
2026-09-29 12:05:08.926 [Thread-1 (run_forever)] pyarrow_client.sockets ERROR Failed to parse market data: 'MarketTick' object is not iterable
2026-09-29 12:05:08.991 [Thread-1 (run_forever)] pyarrow_client.sockets ERROR Failed to parse market data: 'MarketTick' object is not iterable
2026-09-29 12:05:09.031 [Thread-1 (run_forever)] pyarrow_client.sockets ERROR Failed to parse market data: 'MarketTick' object is not iterable
2026-09-29 12:05:09.061 [Thread-1 (run_forever)] pyarrow_client.sockets ERROR Failed to parse market data: 'MarketTick' object is not iterable
2026-09-29 12:05:09.061 [Thread-1 (run_forever)] pyarrow_client.sockets ERROR Failed to parse market data: 'MarketTick' object is not iterable
2026-09-29 12:05:09.061 [Thread-1 (run_forever)] pyarrow_client.sockets ERROR Failed to parse market data: 'MarketTick' object is not iterable
2026-09-29 12:05:09.087 [Thread-1 (run_forever)] pyarrow_client.sockets ERROR Failed to parse market data: 'MarketTick' object is not iterable
2026-09-29 12:05:09.119 [Thread-1 (run_forever)] pyarrow_client.sockets ERROR Failed to parse market data: 'MarketTick' object is not iterable
2026-09-29 12:05:09.132 [Thread-1 (run_forever)] pyarrow_client.sockets ERROR Failed to parse market data: 'MarketTick' object is not iterable
2026-09-29 12:05:09.132 [Thread-1 (run_forever)] pyarrow_client.sockets ERROR Failed to parse market data: 'MarketTick' object is not iterable
2026-09-29 12:05:09.196 [Thread-1 (run_forever)] pyarrow_client.sockets ERROR Failed to parse market data: 'MarketTick' object is not iterable
2026-09-29 12:05:09.216 [Thread-1 (run_forever)] pyarrow_client.sockets ERROR Failed to parse market data: 'MarketTick' object is not iterable
2026-09-29 12:05:09.222 [Thread-1 (run_forever)] pyarrow_client.sockets ERROR Failed to parse market data: 'MarketTick' object is not iterable
2026-09-29 12:05:09.348 [Thread-1 (run_forever)] pyarrow_client.sockets ERROR Failed to parse market data: 'MarketTick' object is not iterable
2026-09-29 12:05:09.443 [Thread-1 (run_forever)] pyarrow_client.sockets ERROR Failed to parse market data: 'MarketTick' object is not iterable
2026-09-29 12:05:09.491 [Thread-1 (run_forever)] pyarrow_client.sockets ERROR Failed to parse market data: 'MarketTick' object is not iterable
2026-09-29 12:05:09.491 [Thread-1 (run_forever)] pyarrow_client.sockets ERROR Failed to parse market data: 'MarketTick' object is not iterable
2026-09-29 12:05:09.535 [Thread-1 (run_forever)] pyarrow_client.sockets ERROR Failed to parse market data: 'MarketTick' object is not iterable
2026-09-29 12:05:09.697 [Thread-1 (run_forever)] pyarrow_client.sockets ERROR Failed to parse market data: 'MarketTick' object is not iterable
2026-09-29 12:05:09.697 [Thread-1 (run_forever)] pyarrow_client.sockets ERROR Failed to parse market data: 'MarketTick' object is not iterable
2026-09-29 12:05:09.729 [Thread-1 (run_forever)] pyarrow_client.sockets ERROR Failed to parse market data: 'MarketTick' object is not iterable
2026-09-29 12:05:09.729 [Thread-1 (run_forever)] pyarrow_client.sockets ERROR Failed to parse market data: 'MarketTick' object is not iterable
2026-09-29 12:05:09.729 [Thread-1 (run_forever)] pyarrow_client.sockets ERROR Failed to parse market data: 'MarketTick' object is not iterable
2026-09-29 12:05:09.729 [Thread-1 (run_forever)] pyarrow_client.sockets ERROR Failed to parse market data: 'MarketTick' object is not iterable
2026-09-29 12:05:09.729 [Thread-1 (run_forever)] pyarrow_client.sockets ERROR Failed to parse market data: 'MarketTick' object is not iterable
2026-09-29 12:05:09.729 [Thread-1 (run_forever)] pyarrow_client.sockets ERROR Failed to parse market data: 'MarketTick' object is not iterable
2026-09-29 12:05:09.891 [Thread-1 (run_forever)] pyarrow_client.sockets ERROR Failed to parse market data: 'MarketTick' object is not iterable
2026-09-29 12:05:09.899 [Thread-1 (run_forever)] pyarrow_client.sockets ERROR Failed to parse market data: 'MarketTick' object is not iterable
2026-09-29 12:05:09.899 [Thread-1 (run_forever)] pyarrow_client.sockets ERROR Failed to parse market data: 'MarketTick' object is not iterable
2026-09-29 12:05:09.934 [Thread-1 (run_forever)] pyarrow_client.sockets ERROR Failed to parse market data: 'MarketTick' object is not iterable
2026-09-29 12:05:09.934 [Thread-1 (run_forever)] pyarrow_client.sockets ERROR Failed to parse market data: 'MarketTick' object is not iterable
2026-09-29 12:05:09.990 [Thread-1 (run_forever)] pyarrow_client.sockets ERROR Failed to parse market data: 'MarketTick' object is not iterable
2026-09-29 12:05:10.019 [Thread-1 (run_forever)] pyarrow_client.sockets ERROR Failed to parse market data: 'MarketTick' object is not iterable
2026-09-29 12:05:10.029 [Thread-1 (run_forever)] pyarrow_client.sockets ERROR Failed to parse market data: 'MarketTick' object is not iterable
2026-09-29 12:05:10.031 [Thread-1 (run_forever)] pyarrow_client.sockets ERROR Failed to parse market data: 'MarketTick' object is not iterable
2026-09-29 12:05:10.059 [Thread-1 (run_forever)] pyarrow_client.sockets ERROR Failed to parse market data: 'MarketTick' object is not iterable
2026-09-29 12:05:10.061 [Thread-1 (run_forever)] pyarrow_client.sockets ERROR Failed to parse market data: 'MarketTick' object is not iterable
2026-09-29 12:05:10.061 [Thread-1 (run_forever)] pyarrow_client.sockets ERROR Failed to parse market data: 'MarketTick' object is not iterable
2026-09-29 12:05:10.098 [Thread-1 (run_forever)] pyarrow_client.sockets ERROR Failed to parse market data: 'MarketTick' object is not iterable
2026-09-29 12:05:10.109 [Thread-1 (run_forever)] pyarrow_client.sockets ERROR Failed to parse market data: 'MarketTick' object is not iterable
2026-09-29 12:05:10.109 [Thread-1 (run_forever)] pyarrow_client.sockets ERROR Failed to parse market data: 'MarketTick' object is not iterable
2026-09-29 12:05:10.249 [Thread-1 (run_forever)] pyarrow_client.sockets ERROR Failed to parse market data: 'MarketTick' object is not iterable
2026-09-29 12:05:10.349 [Thread-1 (run_forever)] pyarrow_client.sockets ERROR Failed to parse market data: 'MarketTick' object is not iterable
2026-09-29 12:05:10.388 [Thread-1 (run_forever)] pyarrow_client.sockets ERROR Failed to parse market data: 'MarketTick' object is not iterable
2026-09-29 12:05:10.388 [Thread-1 (run_forever)] pyarrow_client.sockets ERROR Failed to parse market data: 'MarketTick' object is not iterable
2026-09-29 12:05:10.427 [Thread-1 (run_forever)] pyarrow_client.sockets ERROR Failed to parse market data: 'MarketTick' object is not iterable
2026-09-29 12:05:10.588 [Thread-1 (run_forever)] pyarrow_client.sockets ERROR Failed to parse market data: 'MarketTick' object is not iterable
2026-09-29 12:05:10.588 [Thread-1 (run_forever)] pyarrow_client.sockets ERROR Failed to parse market data: 'MarketTick' object is not iterable
2026-09-29 12:05:10.633 [Thread-1 (run_forever)] pyarrow_client.sockets ERROR Failed to parse market data: 'MarketTick' object is not iterable
2026-09-29 12:05:10.633 [Thread-1 (run_forever)] pyarrow_client.sockets ERROR Failed to parse market data: 'MarketTick' object is not iterable
2026-09-29 12:05:10.633 [Thread-1 (run_forever)] pyarrow_client.sockets ERROR Failed to parse market data: 'MarketTick' object is not iterable
2026-09-29 12:05:10.736 [Thread-1 (run_forever)] pyarrow_client.sockets ERROR Failed to parse market data: 'MarketTick' object is not iterable
2026-09-29 12:05:10.736 [Thread-1 (run_forever)] pyarrow_client.sockets ERROR Failed to parse market data: 'MarketTick' object is not iterable
2026-09-29 12:05:10.738 [Thread-1 (run_forever)] pyarrow_client.sockets ERROR Failed to parse market data: 'MarketTick' object is not iterable
2026-09-29 12:05:10.738 [Thread-1 (run_forever)] pyarrow_client.sockets ERROR Failed to parse market data: 'MarketTick' object is not iterable
2026-09-29 12:05:10.738 [Thread-1 (run_forever)] pyarrow_client.sockets ERROR Failed to parse market data: 'MarketTick' object is not iterable
2026-09-29 12:05:10.807 [Thread-1 (run_forever)] pyarrow_client.sockets ERROR Failed to parse market data: 'MarketTick' object is not iterable
2026-09-29 12:05:10.832 [Thread-1 (run_forever)] pyarrow_client.sockets ERROR Failed to parse market data: 'MarketTick' object is not iterable
2026-09-29 12:05:10.893 [Thread-1 (run_forever)] pyarrow_client.sockets ERROR Failed to parse market data: 'MarketTick' object is not iterable
2026-09-29 12:05:10.893 [Thread-1 (run_forever)] pyarrow_client.sockets ERROR Failed to parse market data: 'MarketTick' object is not iterable
2026-09-29 12:05:10.897 [Thread-1 (run_forever)] pyarrow_client.sockets ERROR Failed to parse market data: 'MarketTick' object is not iterable
2026-09-29 12:05:10.918 [Thread-1 (run_forever)] pyarrow_client.sockets ERROR Failed to parse market data: 'MarketTick' object is not iterable
2026-09-29 12:05:10.926 [Thread-1 (run_forever)] pyarrow_client.sockets ERROR Failed to parse market data: 'MarketTick' object is not iterable
2026-09-29 12:05:10.926 [Thread-1 (run_forever)] pyarrow_client.sockets ERROR Failed to parse market data: 'MarketTick' object is not iterable
2026-09-29 12:05:10.926 [Thread-1 (run_forever)] pyarrow_client.sockets ERROR Failed to parse market data: 'MarketTick' object is not iterable
2026-09-29 12:05:10.929 [Thread-1 (run_forever)] pyarrow_client.sockets ERROR Failed to parse market data: 'MarketTick' object is not iterable
2026-09-29 12:05:10.936 [Thread-1 (run_forever)] pyarrow_client.sockets ERROR Failed to parse market data: 'MarketTick' object is not iterable
2026-09-29 12:05:10.998 [Thread-1 (run_forever)] pyarrow_client.sockets ERROR Failed to parse market data: 'MarketTick' object is not iterable
2026-09-29 12:05:11.018 [Thread-1 (run_forever)] pyarrow_client.sockets ERROR Failed to parse market data: 'MarketTick' object is not iterable
2026-09-29 12:05:11.018 [Thread-1 (run_forever)] pyarrow_client.sockets ERROR Failed to parse market data: 'MarketTick' object is not iterable
2026-09-29 12:05:11.065 [Thread-1 (run_forever)] pyarrow_client.sockets ERROR Failed to parse market data: 'MarketTick' object is not iterable
2026-09-29 12:05:11.065 [Thread-1 (run_forever)] pyarrow_client.sockets ERROR Failed to parse market data: 'MarketTick' object is not iterable
2026-09-29 12:05:11.160 [Thread-1 (run_forever)] pyarrow_client.sockets ERROR Failed to parse market data: 'MarketTick' object is not iterable
2026-09-29 12:05:11.251 [Thread-1 (run_forever)] pyarrow_client.sockets ERROR Failed to parse market data: 'MarketTick' object is not iterable
2026-09-29 12:05:11.298 [Thread-1 (run_forever)] pyarrow_client.sockets ERROR Failed to parse market data: 'MarketTick' object is not iterable
2026-09-29 12:05:11.299 [Thread-1 (run_forever)] pyarrow_client.sockets ERROR Failed to parse market data: 'MarketTick' object is not iterable
2026-09-29 12:05:11.320 [Thread-1 (run_forever)] pyarrow_client.sockets ERROR Failed to parse market data: 'MarketTick' object is not iterable
2026-09-29 12:05:11.500 [Thread-1 (run_forever)] pyarrow_client.sockets ERROR Failed to parse market data: 'MarketTick' object is not iterable
2026-09-29 12:05:11.500 [Thread-1 (run_forever)] pyarrow_client.sockets ERROR Failed to parse market data: 'MarketTick' object is not iterable
2026-09-29 12:05:11.534 [Thread-1 (run_forever)] pyarrow_client.sockets ERROR Failed to parse market data: 'MarketTick' object is not iterable
2026-09-29 12:05:11.535 [Thread-1 (run_forever)] pyarrow_client.sockets ERROR Failed to parse market data: 'MarketTick' object is not iterable
2026-09-29 12:05:11.535 [Thread-1 (run_forever)] pyarrow_client.sockets ERROR Failed to parse market data: 'MarketTick' object is not iterable
2026-09-29 12:05:11.698 [Thread-1 (run_forever)] pyarrow_client.sockets ERROR Failed to parse market data: 'MarketTick' object is not iterable
2026-09-29 12:05:11.741 [Thread-1 (run_forever)] pyarrow_client.sockets ERROR Failed to parse market data: 'MarketTick' object is not iterable
2026-09-29 12:05:11.743 [Thread-1 (run_forever)] pyarrow_client.sockets ERROR Failed to parse market data: 'MarketTick' object is not iterable
2026-09-29 12:05:11.743 [Thread-1 (run_forever)] pyarrow_client.sockets ERROR Failed to parse market data: 'MarketTick' object is not iterable
2026-09-29 12:05:11.743 [Thread-1 (run_forever)] pyarrow_client.sockets ERROR Failed to parse market data: 'MarketTick' object is not iterable
2026-09-29 12:05:11.743 [Thread-1 (run_forever)] pyarrow_client.sockets ERROR Failed to parse market data: 'MarketTick' object is not iterable
2026-09-29 12:05:11.804 [Thread-1 (run_forever)] pyarrow_client.sockets ERROR Failed to parse market data: 'MarketTick' object is not iterable
2026-09-29 12:05:11.820 [Thread-1 (run_forever)] pyarrow_client.sockets ERROR Failed to parse market data: 'MarketTick' object is not iterable
2026-09-29 12:05:11.834 [Thread-1 (run_forever)] pyarrow_client.sockets ERROR Failed to parse market data: 'MarketTick' object is not iterable
2026-09-29 12:05:11.834 [Thread-1 (run_forever)] pyarrow_client.sockets ERROR Failed to parse market data: 'MarketTick' object is not iterable
2026-09-29 12:05:11.896 [Thread-1 (run_forever)] pyarrow_client.sockets ERROR Failed to parse market data: 'MarketTick' object is not iterable
2026-09-29 12:05:11.899 [Thread-1 (run_forever)] pyarrow_client.sockets ERROR Failed to parse market data: 'MarketTick' object is not iterable
2026-09-29 12:05:11.915 [Thread-1 (run_forever)] pyarrow_client.sockets ERROR Failed to parse market data: 'MarketTick' object is not iterable
2026-09-29 12:05:11.915 [Thread-1 (run_forever)] pyarrow_client.sockets ERROR Failed to parse market data: 'MarketTick' object is not iterable
2026-09-29 12:05:11.915 [Thread-1 (run_forever)] pyarrow_client.sockets ERROR Failed to parse market data: 'MarketTick' object is not iterable
2026-09-29 12:05:11.915 [Thread-1 (run_forever)] pyarrow_client.sockets ERROR Failed to parse market data: 'MarketTick' object is not iterable
2026-09-29 12:05:11.915 [Thread-1 (run_forever)] pyarrow_client.sockets ERROR Failed to parse market data: 'MarketTick' object is not iterable
2026-09-29 12:05:11.915 [Thread-1 (run_forever)] pyarrow_client.sockets ERROR Failed to parse market data: 'MarketTick' object is not iterable
2026-09-29 12:05:12.053 [Thread-1 (run_forever)] pyarrow_client.sockets ERROR Failed to parse market data: 'MarketTick' object is not iterable
2026-09-29 12:05:12.064 [Thread-1 (run_forever)] pyarrow_client.sockets ERROR Failed to parse market data: 'MarketTick' object is not iterable
2026-09-29 12:05:12.064 [Thread-1 (run_forever)] pyarrow_client.sockets ERROR Failed to parse market data: 'MarketTick' object is not iterable
2026-09-29 12:05:12.066 [Thread-1 (run_forever)] pyarrow_client.sockets ERROR Failed to parse market data: 'MarketTick' object is not iterable
2026-09-29 12:05:12.066 [Thread-1 (run_forever)] pyarrow_client.sockets ERROR Failed to parse market data: 'MarketTick' object is not iterable
2026-09-29 12:05:12.154 [Thread-1 (run_forever)] pyarrow_client.sockets ERROR Failed to parse market data: 'MarketTick' object is not iterable
2026-09-29 12:05:12.203 [Thread-1 (run_forever)] pyarrow_client.sockets ERROR Failed to parse market data: 'MarketTick' object is not iterable
2026-09-29 12:05:12.203 [Thread-1 (run_forever)] pyarrow_client.sockets ERROR Failed to parse market data: 'MarketTick' object is not iterable
2026-09-29 12:05:12.221 [Thread-1 (run_forever)] pyarrow_client.sockets ERROR Failed to parse market data: 'MarketTick' object is not iterable
2026-09-29 12:05:12.399 [Thread-1 (run_forever)] pyarrow_client.sockets ERROR Failed to parse market data: 'MarketTick' object is not iterable
2026-09-29 12:05:12.400 [Thread-1 (run_forever)] pyarrow_client.sockets ERROR Failed to parse market data: 'MarketTick' object is not iterable
2026-09-29 12:05:12.436 [Thread-1 (run_forever)] pyarrow_client.sockets ERROR Failed to parse market data: 'MarketTick' object is not iterable
2026-09-29 12:05:12.436 [Thread-1 (run_forever)] pyarrow_client.sockets ERROR Failed to parse market data: 'MarketTick' object is not iterable
2026-09-29 12:05:12.436 [Thread-1 (run_forever)] pyarrow_client.sockets ERROR Failed to parse market data: 'MarketTick' object is not iterable
2026-09-29 12:05:12.633 [Thread-1 (run_forever)] pyarrow_client.sockets ERROR Failed to parse market data: 'MarketTick' object is not iterable
2026-09-29 12:05:12.703 [Thread-1 (run_forever)] pyarrow_client.sockets ERROR Failed to parse market data: 'MarketTick' object is not iterable
2026-09-29 12:05:12.719 [Thread-1 (run_forever)] pyarrow_client.sockets ERROR Failed to parse market data: 'MarketTick' object is not iterable
2026-09-29 12:05:12.727 [Thread-1 (run_forever)] pyarrow_client.sockets ERROR Failed to parse market data: 'MarketTick' object is not iterable
2026-09-29 12:05:12.743 [Thread-1 (run_forever)] pyarrow_client.sockets ERROR Failed to parse market data: 'MarketTick' object is not iterable
2026-09-29 12:05:12.743 [Thread-1 (run_forever)] pyarrow_client.sockets ERROR Failed to parse market data: 'MarketTick' object is not iterable
2026-09-29 12:05:12.743 [Thread-1 (run_forever)] pyarrow_client.sockets ERROR Failed to parse market data: 'MarketTick' object is not iterable
2026-09-29 12:05:12.743 [Thread-1 (run_forever)] pyarrow_client.sockets ERROR Failed to parse market data: 'MarketTick' object is not iterable
2026-09-29 12:05:12.806 [Thread-1 (run_forever)] pyarrow_client.sockets ERROR Failed to parse market data: 'MarketTick' object is not iterable
2026-09-29 12:05:12.818 [Thread-1 (run_forever)] pyarrow_client.sockets ERROR Failed to parse market data: 'MarketTick' object is not iterable
2026-09-29 12:05:12.818 [Thread-1 (run_forever)] pyarrow_client.sockets ERROR Failed to parse market data: 'MarketTick' object is not iterable
2026-09-29 12:05:12.903 [Thread-1 (run_forever)] pyarrow_client.sockets ERROR Failed to parse market data: 'MarketTick' object is not iterable
2026-09-29 12:05:12.935 [Thread-1 (run_forever)] pyarrow_client.sockets ERROR Failed to parse market data: 'MarketTick' object is not iterable
2026-09-29 12:05:12.937 [Thread-1 (run_forever)] pyarrow_client.sockets ERROR Failed to parse market data: 'MarketTick' object is not iterable
2026-09-29 12:05:12.965 [Thread-1 (run_forever)] pyarrow_client.sockets ERROR Failed to parse market data: 'MarketTick' object is not iterable
2026-09-29 12:05:13.044 [Thread-1 (run_forever)] pyarrow_client.sockets ERROR Failed to parse market data: 'MarketTick' object is not iterable
2026-09-29 12:05:13.060 [Thread-1 (run_forever)] pyarrow_client.sockets ERROR Failed to parse market data: 'MarketTick' object is not iterable
2026-09-29 12:05:13.060 [Thread-1 (run_forever)] pyarrow_client.sockets ERROR Failed to parse market data: 'MarketTick' object is not iterable
2026-09-29 12:05:13.060 [Thread-1 (run_forever)] pyarrow_client.sockets ERROR Failed to parse market data: 'MarketTick' object is not iterable
2026-09-29 12:05:13.062 [Thread-1 (run_forever)] pyarrow_client.sockets ERROR Failed to parse market data: 'MarketTick' object is not iterable
2026-09-29 12:05:13.092 [Thread-1 (run_forever)] pyarrow_client.sockets ERROR Failed to parse market data: 'MarketTick' object is not iterable
2026-09-29 12:05:13.092 [Thread-1 (run_forever)] pyarrow_client.sockets ERROR Failed to parse market data: 'MarketTick' object is not iterable
2026-09-29 12:05:13.122 [Thread-1 (run_forever)] pyarrow_client.sockets ERROR Failed to parse market data: 'MarketTick' object is not iterable
2026-09-29 12:05:13.316 [Thread-1 (run_forever)] pyarrow_client.sockets ERROR Failed to parse market data: 'MarketTick' object is not iterable
2026-09-29 12:05:13.316 [Thread-1 (run_forever)] pyarrow_client.sockets ERROR Failed to parse market data: 'MarketTick' object is not iterable
2026-09-29 12:05:13.330 [Thread-1 (run_forever)] pyarrow_client.sockets ERROR Failed to parse market data: 'MarketTick' object is not iterable
2026-09-29 12:05:13.330 [Thread-1 (run_forever)] pyarrow_client.sockets ERROR Failed to parse market data: 'MarketTick' object is not iterable
2026-09-29 12:05:13.337 [Thread-1 (run_forever)] pyarrow_client.sockets ERROR Failed to parse market data: 'MarketTick' object is not iterable
2026-09-29 12:05:13.536 [Thread-1 (run_forever)] pyarrow_client.sockets ERROR Failed to parse market data: 'MarketTick' object is not iterable
2026-09-29 12:05:13.626 [Thread-1 (run_forever)] pyarrow_client.sockets ERROR Failed to parse market data: 'MarketTick' object is not iterable
2026-09-29 12:05:13.635 [Thread-1 (run_forever)] pyarrow_client.sockets ERROR Failed to parse market data: 'MarketTick' object is not iterable
2026-09-29 12:05:13.635 [Thread-1 (run_forever)] pyarrow_client.sockets ERROR Failed to parse market data: 'MarketTick' object is not iterable
2026-09-29 12:05:13.705 [Thread-1 (run_forever)] pyarrow_client.sockets ERROR Failed to parse market data: 'MarketTick' object is not iterable
2026-09-29 12:05:13.710 [Thread-1 (run_forever)] pyarrow_client.sockets ERROR Failed to parse market data: 'MarketTick' object is not iterable
2026-09-29 12:05:13.710 [Thread-1 (run_forever)] pyarrow_client.sockets ERROR Failed to parse market data: 'MarketTick' object is not iterable
2026-09-29 12:05:13.737 [Thread-1 (run_forever)] pyarrow_client.sockets ERROR Failed to parse market data: 'MarketTick' object is not iterable
2026-09-29 12:05:13.737 [Thread-1 (run_forever)] pyarrow_client.sockets ERROR Failed to parse market data: 'MarketTick' object is not iterable
2026-09-29 12:05:13.739 [Thread-1 (run_forever)] pyarrow_client.sockets ERROR Failed to parse market data: 'MarketTick' object is not iterable
2026-09-29 12:05:13.739 [Thread-1 (run_forever)] pyarrow_client.sockets ERROR Failed to parse market data: 'MarketTick' object is not iterable
2026-09-29 12:05:13.807 [Thread-1 (run_forever)] pyarrow_client.sockets ERROR Failed to parse market data: 'MarketTick' object is not iterable
2026-09-29 12:05:13.853 [Thread-1 (run_forever)] pyarrow_client.sockets ERROR Failed to parse market data: 'MarketTick' object is not iterable
2026-09-29 12:05:13.904 [Thread-1 (run_forever)] pyarrow_client.sockets ERROR Failed to parse market data: 'MarketTick' object is not iterable
2026-09-29 12:05:13.926 [Thread-1 (run_forever)] pyarrow_client.sockets ERROR Failed to parse market data: 'MarketTick' object is not iterable
2026-09-29 12:05:13.928 [Thread-1 (run_forever)] pyarrow_client.sockets ERROR Failed to parse market data: 'MarketTick' object is not iterable
2026-09-29 12:05:13.928 [Thread-1 (run_forever)] pyarrow_client.sockets ERROR Failed to parse market data: 'MarketTick' object is not iterable
2026-09-29 12:05:13.928 [Thread-1 (run_forever)] pyarrow_client.sockets ERROR Failed to parse market data: 'MarketTick' object is not iterable
2026-09-29 12:05:13.956 [Thread-1 (run_forever)] pyarrow_client.sockets ERROR Failed to parse market data: 'MarketTick' object is not iterable
2026-09-29 12:05:14.004 [Thread-1 (run_forever)] pyarrow_client.sockets ERROR Failed to parse market data: 'MarketTick' object is not iterable
2026-09-29 12:05:14.004 [Thread-1 (run_forever)] pyarrow_client.sockets ERROR Failed to parse market data: 'MarketTick' object is not iterable
2026-09-29 12:05:14.024 [Thread-1 (run_forever)] pyarrow_client.sockets ERROR Failed to parse market data: 'MarketTick' object is not iterable
2026-09-29 12:05:14.058 [Thread-1 (run_forever)] pyarrow_client.sockets ERROR Failed to parse market data: 'MarketTick' object is not iterable
2026-09-29 12:05:14.058 [Thread-1 (run_forever)] pyarrow_client.sockets ERROR Failed to parse market data: 'MarketTick' object is not iterable
2026-09-29 12:05:14.062 [Thread-1 (run_forever)] pyarrow_client.sockets ERROR Failed to parse market data: 'MarketTick' object is not iterable
2026-09-29 12:05:14.062 [Thread-1 (run_forever)] pyarrow_client.sockets ERROR Failed to parse market data: 'MarketTick' object is not iterable
2026-09-29 12:05:14.204 [Thread-1 (run_forever)] pyarrow_client.sockets ERROR Failed to parse market data: 'MarketTick' object is not iterable
2026-09-29 12:05:14.206 [Thread-1 (run_forever)] pyarrow_client.sockets ERROR Failed to parse market data: 'MarketTick' object is not iterable
2026-09-29 12:05:14.240 [Thread-1 (run_forever)] pyarrow_client.sockets ERROR Failed to parse market data: 'MarketTick' object is not iterable
2026-09-29 12:05:14.240 [Thread-1 (run_forever)] pyarrow_client.sockets ERROR Failed to parse market data: 'MarketTick' object is not iterable
2026-09-29 12:05:14.242 [Thread-1 (run_forever)] pyarrow_client.sockets ERROR Failed to parse market data: 'MarketTick' object is not iterable
2026-09-29 12:05:14.434 [Thread-1 (run_forever)] pyarrow_client.sockets ERROR Failed to parse market data: 'MarketTick' object is not iterable
2026-09-29 12:05:14.523 [Thread-1 (run_forever)] pyarrow_client.sockets ERROR Failed to parse market data: 'MarketTick' object is not iterable
2026-09-29 12:05:14.537 [Thread-1 (run_forever)] pyarrow_client.sockets ERROR Failed to parse market data: 'MarketTick' object is not iterable
2026-09-29 12:05:14.602 [Thread-1 (run_forever)] pyarrow_client.sockets ERROR Failed to parse market data: 'MarketTick' object is not iterable
2026-09-29 12:05:14.615 [Thread-1 (run_forever)] pyarrow_client.sockets ERROR Failed to parse market data: 'MarketTick' object is not iterable
2026-09-29 12:05:14.615 [Thread-1 (run_forever)] pyarrow_client.sockets ERROR Failed to parse market data: 'MarketTick' object is not iterable
2026-09-29 12:05:14.629 [Thread-1 (run_forever)] pyarrow_client.sockets ERROR Failed to parse market data: 'MarketTick' object is not iterable
2026-09-29 12:05:14.694 [Thread-1 (run_forever)] pyarrow_client.sockets ERROR Failed to parse market data: 'MarketTick' object is not iterable
2026-09-29 12:05:14.741 [Thread-1 (run_forever)] pyarrow_client.sockets ERROR Failed to parse market data: 'MarketTick' object is not iterable
2026-09-29 12:05:14.741 [Thread-1 (run_forever)] pyarrow_client.sockets ERROR Failed to parse market data: 'MarketTick' object is not iterable
2026-09-29 12:05:14.743 [Thread-1 (run_forever)] pyarrow_client.sockets ERROR Failed to parse market data: 'MarketTick' object is not iterable
2026-09-29 12:05:14.743 [Thread-1 (run_forever)] pyarrow_client.sockets ERROR Failed to parse market data: 'MarketTick' object is not iterable
2026-09-29 12:05:14.755 [Thread-1 (run_forever)] pyarrow_client.sockets ERROR Failed to parse market data: 'MarketTick' object is not iterable
2026-09-29 12:05:14.804 [Thread-1 (run_forever)] pyarrow_client.sockets ERROR Failed to parse market data: 'MarketTick' object is not iterable
2026-09-29 12:05:14.868 [Thread-1 (run_forever)] pyarrow_client.sockets ERROR Failed to parse market data: 'MarketTick' object is not iterable
2026-09-29 12:05:14.909 [Thread-1 (run_forever)] pyarrow_client.sockets ERROR Failed to parse market data: 'MarketTick' object is not iterable
2026-09-29 12:05:14.911 [Thread-1 (run_forever)] pyarrow_client.sockets ERROR Failed to parse market data: 'MarketTick' object is not iterable
2026-09-29 12:05:14.930 [Thread-1 (run_forever)] pyarrow_client.sockets ERROR Failed to parse market data: 'MarketTick' object is not iterable
2026-09-29 12:05:14.931 [Thread-1 (run_forever)] pyarrow_client.sockets ERROR Failed to parse market data: 'MarketTick' object is not iterable
2026-09-29 12:05:15.056 [Thread-1 (run_forever)] pyarrow_client.sockets ERROR Failed to parse market data: 'MarketTick' object is not iterable
2026-09-29 12:05:15.056 [Thread-1 (run_forever)] pyarrow_client.sockets ERROR Failed to parse market data: 'MarketTick' object is not iterable
2026-09-29 12:05:15.056 [Thread-1 (run_forever)] pyarrow_client.sockets ERROR Failed to parse market data: 'MarketTick' object is not iterable
2026-09-29 12:05:15.104 [Thread-1 (run_forever)] pyarrow_client.sockets ERROR Failed to parse market data: 'MarketTick' object is not iterable
2026-09-29 12:05:15.104 [Thread-1 (run_forever)] pyarrow_client.sockets ERROR Failed to parse market data: 'MarketTick' object is not iterable
2026-09-29 12:05:15.136 [Thread-1 (run_forever)] pyarrow_client.sockets ERROR Failed to parse market data: 'MarketTick' object is not iterable
2026-09-29 12:05:15.136 [Thread-1 (run_forever)] pyarrow_client.sockets ERROR Failed to parse market data: 'MarketTick' object is not iterable
2026-09-29 12:05:15.136 [Thread-1 (run_forever)] pyarrow_client.sockets ERROR Failed to parse market data: 'MarketTick' object is not iterable
2026-09-29 12:05:15.325 [Thread-1 (run_forever)] pyarrow_client.sockets ERROR Failed to parse market data: 'MarketTick' object is not iterable
2026-09-29 12:05:15.423 [Thread-1 (run_forever)] pyarrow_client.sockets ERROR Failed to parse market data: 'MarketTick' object is not iterable
2026-09-29 12:05:15.438 [Thread-1 (run_forever)] pyarrow_client.sockets ERROR Failed to parse market data: 'MarketTick' object is not iterable
2026-09-29 12:05:15.506 [Thread-1 (run_forever)] pyarrow_client.sockets ERROR Failed to parse market data: 'MarketTick' object is not iterable
2026-09-29 12:05:15.526 [Thread-1 (run_forever)] pyarrow_client.sockets ERROR Failed to parse market data: 'MarketTick' object is not iterable
2026-09-29 12:05:15.526 [Thread-1 (run_forever)] pyarrow_client.sockets ERROR Failed to parse market data: 'MarketTick' object is not iterable
2026-09-29 12:05:15.611 [Thread-1 (run_forever)] pyarrow_client.sockets ERROR Failed to parse market data: 'MarketTick' object is not iterable
2026-09-29 12:05:15.659 [Thread-1 (run_forever)] pyarrow_client.sockets ERROR Failed to parse market data: 'MarketTick' object is not iterable
2026-09-29 12:05:15.706 [Thread-1 (run_forever)] pyarrow_client.sockets ERROR Failed to parse market data: 'MarketTick' object is not iterable
2026-09-29 12:05:15.737 [Thread-1 (run_forever)] pyarrow_client.sockets ERROR Failed to parse market data: 'MarketTick' object is not iterable
2026-09-29 12:05:15.737 [Thread-1 (run_forever)] pyarrow_client.sockets ERROR Failed to parse market data: 'MarketTick' object is not iterable
2026-09-29 12:05:15.740 [Thread-1 (run_forever)] pyarrow_client.sockets ERROR Failed to parse market data: 'MarketTick' object is not iterable
2026-09-29 12:05:15.769 [Thread-1 (run_forever)] pyarrow_client.sockets ERROR Failed to parse market data: 'MarketTick' object is not iterable
2026-09-29 12:05:15.816 [Thread-1 (run_forever)] pyarrow_client.sockets ERROR Failed to parse market data: 'MarketTick' object is not iterable
2026-09-29 12:05:15.816 [Thread-1 (run_forever)] pyarrow_client.sockets ERROR Failed to parse market data: 'MarketTick' object is not iterable
2026-09-29 12:05:15.825 [Thread-1 (run_forever)] pyarrow_client.sockets ERROR Failed to parse market data: 'MarketTick' object is not iterable
2026-09-29 12:05:15.910 [Thread-1 (run_forever)] pyarrow_client.sockets ERROR Failed to parse market data: 'MarketTick' object is not iterable
2026-09-29 12:05:15.927 [Thread-1 (run_forever)] pyarrow_client.sockets ERROR Failed to parse market data: 'MarketTick' object is not iterable
2026-09-29 12:05:15.927 [Thread-1 (run_forever)] pyarrow_client.sockets ERROR Failed to parse market data: 'MarketTick' object is not iterable
2026-09-29 12:05:15.927 [Thread-1 (run_forever)] pyarrow_client.sockets ERROR Failed to parse market data: 'MarketTick' object is not iterable
2026-09-29 12:05:15.927 [Thread-1 (run_forever)] pyarrow_client.sockets ERROR Failed to parse market data: 'MarketTick' object is not iterable
2026-09-29 12:05:16.013 [Thread-1 (run_forever)] pyarrow_client.sockets ERROR Failed to parse market data: 'MarketTick' object is not iterable
2026-09-29 12:05:16.015 [Thread-1 (run_forever)] pyarrow_client.sockets ERROR Failed to parse market data: 'MarketTick' object is not iterable
2026-09-29 12:05:16.037 [Thread-1 (run_forever)] pyarrow_client.sockets ERROR Failed to parse market data: 'MarketTick' object is not iterable
2026-09-29 12:05:16.037 [Thread-1 (run_forever)] pyarrow_client.sockets ERROR Failed to parse market data: 'MarketTick' object is not iterable
2026-09-29 12:05:16.037 [Thread-1 (run_forever)] pyarrow_client.sockets ERROR Failed to parse market data: 'MarketTick' object is not iterable
2026-09-29 12:05:16.062 [Thread-1 (run_forever)] pyarrow_client.sockets ERROR Failed to parse market data: 'MarketTick' object is not iterable
2026-09-29 12:05:16.062 [Thread-1 (run_forever)] pyarrow_client.sockets ERROR Failed to parse market data: 'MarketTick' object is not iterable
2026-09-29 12:05:16.062 [Thread-1 (run_forever)] pyarrow_client.sockets ERROR Failed to parse market data: 'MarketTick' object is not iterable
2026-09-29 12:05:16.062 [Thread-1 (run_forever)] pyarrow_client.sockets ERROR Failed to parse market data: 'MarketTick' object is not iterable
2026-09-29 12:05:16.243 [Thread-1 (run_forever)] pyarrow_client.sockets ERROR Failed to parse market data: 'MarketTick' object is not iterable
2026-09-29 12:05:16.337 [Thread-1 (run_forever)] pyarrow_client.sockets ERROR Failed to parse market data: 'MarketTick' object is not iterable
2026-09-29 12:05:16.337 [Thread-1 (run_forever)] pyarrow_client.sockets ERROR Failed to parse market data: 'MarketTick' object is not iterable
2026-09-29 12:05:16.417 [Thread-1 (run_forever)] pyarrow_client.sockets ERROR Failed to parse market data: 'MarketTick' object is not iterable
2026-09-29 12:05:16.417 [Thread-1 (run_forever)] pyarrow_client.sockets ERROR Failed to parse market data: 'MarketTick' object is not iterable
2026-09-29 12:05:16.496 [Thread-1 (run_forever)] pyarrow_client.sockets ERROR Failed to parse market data: 'MarketTick' object is not iterable
2026-09-29 12:05:16.552 [Thread-1 (run_forever)] pyarrow_client.sockets ERROR Failed to parse market data: 'MarketTick' object is not iterable
2026-09-29 12:05:16.608 [Thread-1 (run_forever)] pyarrow_client.sockets ERROR Failed to parse market data: 'MarketTick' object is not iterable
2026-09-29 12:05:16.659 [Thread-1 (run_forever)] pyarrow_client.sockets ERROR Failed to parse market data: 'MarketTick' object is not iterable
2026-09-29 12:05:16.721 [Thread-1 (run_forever)] pyarrow_client.sockets ERROR Failed to parse market data: 'MarketTick' object is not iterable
2026-09-29 12:05:16.721 [Thread-1 (run_forever)] pyarrow_client.sockets ERROR Failed to parse market data: 'MarketTick' object is not iterable
2026-09-29 12:05:16.728 [Thread-1 (run_forever)] pyarrow_client.sockets ERROR Failed to parse market data: 'MarketTick' object is not iterable
2026-09-29 12:05:16.740 [Thread-1 (run_forever)] pyarrow_client.sockets ERROR Failed to parse market data: 'MarketTick' object is not iterable
2026-09-29 12:05:16.740 [Thread-1 (run_forever)] pyarrow_client.sockets ERROR Failed to parse market data: 'MarketTick' object is not iterable
2026-09-29 12:05:16.836 [Thread-1 (run_forever)] pyarrow_client.sockets ERROR Failed to parse market data: 'MarketTick' object is not iterable
2026-09-29 12:05:16.898 [Thread-1 (run_forever)] pyarrow_client.sockets ERROR Failed to parse market data: 'MarketTick' object is not iterable
2026-09-29 12:05:16.909 [Thread-1 (run_forever)] pyarrow_client.sockets ERROR Failed to parse market data: 'MarketTick' object is not iterable
2026-09-29 12:05:16.909 [Thread-1 (run_forever)] pyarrow_client.sockets ERROR Failed to parse market data: 'MarketTick' object is not iterable
2026-09-29 12:05:16.929 [Thread-1 (run_forever)] pyarrow_client.sockets ERROR Failed to parse market data: 'MarketTick' object is not iterable
2026-09-29 12:05:16.929 [Thread-1 (run_forever)] pyarrow_client.sockets ERROR Failed to parse market data: 'MarketTick' object is not iterable
2026-09-29 12:05:16.933 [Thread-1 (run_forever)] pyarrow_client.sockets ERROR Failed to parse market data: 'MarketTick' object is not iterable
2026-09-29 12:05:16.933 [Thread-1 (run_forever)] pyarrow_client.sockets ERROR Failed to parse market data: 'MarketTick' object is not iterable
2026-09-29 12:05:16.933 [Thread-1 (run_forever)] pyarrow_client.sockets ERROR Failed to parse market data: 'MarketTick' object is not iterable
2026-09-29 12:05:17.056 [Thread-1 (run_forever)] pyarrow_client.sockets ERROR Failed to parse market data: 'MarketTick' object is not iterable
2026-09-29 12:05:17.063 [Thread-1 (run_forever)] pyarrow_client.sockets ERROR Failed to parse market data: 'MarketTick' object is not iterable
2026-09-29 12:05:17.063 [Thread-1 (run_forever)] pyarrow_client.sockets ERROR Failed to parse market data: 'MarketTick' object is not iterable
2026-09-29 12:05:17.146 [Thread-1 (run_forever)] pyarrow_client.sockets ERROR Failed to parse market data: 'MarketTick' object is not iterable
2026-09-29 12:05:17.210 [Thread-1 (run_forever)] pyarrow_client.sockets ERROR Failed to parse market data: 'MarketTick' object is not iterable
2026-09-29 12:05:17.226 [Thread-1 (run_forever)] pyarrow_client.sockets ERROR Failed to parse market data: 'MarketTick' object is not iterable
2026-09-29 12:05:17.226 [Thread-1 (run_forever)] pyarrow_client.sockets ERROR Failed to parse market data: 'MarketTick' object is not iterable
2026-09-29 12:05:17.327 [Thread-1 (run_forever)] pyarrow_client.sockets ERROR Failed to parse market data: 'MarketTick' object is not iterable
2026-09-29 12:05:17.333 [Thread-1 (run_forever)] pyarrow_client.sockets ERROR Failed to parse market data: 'MarketTick' object is not iterable
2026-09-29 12:05:17.406 [Thread-1 (run_forever)] pyarrow_client.sockets ERROR Failed to parse market data: 'MarketTick' object is not iterable
2026-09-29 12:05:17.457 [Thread-1 (run_forever)] pyarrow_client.sockets ERROR Failed to parse market data: 'MarketTick' object is not iterable
2026-09-29 12:05:17.513 [Thread-1 (run_forever)] pyarrow_client.sockets ERROR Failed to parse market data: 'MarketTick' object is not iterable
2026-09-29 12:05:17.518 [MainThread  ] main           INFO  STATUS | state=WAITING_FOR_FRESH_BOOKS | instruments=0/19 | fresh=0 stale=0 | ticks=0 | written=0 | clients=0
2026-09-29 12:05:17.543 [Thread-1 (run_forever)] pyarrow_client.sockets ERROR Failed to parse market data: 'MarketTick' object is not iterable
2026-09-29 12:05:17.612 [Thread-1 (run_forever)] pyarrow_client.sockets ERROR Failed to parse market data: 'MarketTick' object is not iterable
2026-09-29 12:05:17.612 [Thread-1 (run_forever)] pyarrow_client.sockets ERROR Failed to parse market data: 'MarketTick' object is not iterable
2026-09-29 12:05:17.631 [Thread-1 (run_forever)] pyarrow_client.sockets ERROR Failed to parse market data: 'MarketTick' object is not iterable
2026-09-29 12:05:17.733 [Thread-1 (run_forever)] pyarrow_client.sockets ERROR Failed to parse market data: 'MarketTick' object is not iterable
2026-09-29 12:05:17.733 [Thread-1 (run_forever)] pyarrow_client.sockets ERROR Failed to parse market data: 'MarketTick' object is not iterable
2026-09-29 12:05:17.733 [Thread-1 (run_forever)] pyarrow_client.sockets ERROR Failed to parse market data: 'MarketTick' object is not iterable
2026-09-29 12:05:17.733 [Thread-1 (run_forever)] pyarrow_client.sockets ERROR Failed to parse market data: 'MarketTick' object is not iterable
2026-09-29 12:05:17.811 [Thread-1 (run_forever)] pyarrow_client.sockets ERROR Failed to parse market data: 'MarketTick' object is not iterable
2026-09-29 12:05:17.815 [Thread-1 (run_forever)] pyarrow_client.sockets ERROR Failed to parse market data: 'MarketTick' object is not iterable
2026-09-29 12:05:17.836 [Thread-1 (run_forever)] pyarrow_client.sockets ERROR Failed to parse market data: 'MarketTick' object is not iterable
2026-09-29 12:05:17.836 [Thread-1 (run_forever)] pyarrow_client.sockets ERROR Failed to parse market data: 'MarketTick' object is not iterable
2026-09-29 12:05:17.836 [Thread-1 (run_forever)] pyarrow_client.sockets ERROR Failed to parse market data: 'MarketTick' object is not iterable
2026-09-29 12:05:17.896 [Thread-1 (run_forever)] pyarrow_client.sockets ERROR Failed to parse market data: 'MarketTick' object is not iterable
2026-09-29 12:05:17.923 [Thread-1 (run_forever)] pyarrow_client.sockets ERROR Failed to parse market data: 'MarketTick' object is not iterable
2026-09-29 12:05:18.035 [Thread-1 (run_forever)] pyarrow_client.sockets ERROR Failed to parse market data: 'MarketTick' object is not iterable
2026-09-29 12:05:18.082 [Thread-1 (run_forever)] pyarrow_client.sockets ERROR Failed to parse market data: 'MarketTick' object is not iterable
2026-09-29 12:05:18.082 [Thread-1 (run_forever)] pyarrow_client.sockets ERROR Failed to parse market data: 'MarketTick' object is not iterable
2026-09-29 12:05:18.082 [Thread-1 (run_forever)] pyarrow_client.sockets ERROR Failed to parse market data: 'MarketTick' object is not iterable
2026-09-29 12:05:18.114 [Thread-1 (run_forever)] pyarrow_client.sockets ERROR Failed to parse market data: 'MarketTick' object is not iterable
2026-09-29 12:05:18.130 [Thread-1 (run_forever)] pyarrow_client.sockets ERROR Failed to parse market data: 'MarketTick' object is not iterable
2026-09-29 12:05:18.130 [Thread-1 (run_forever)] pyarrow_client.sockets ERROR Failed to parse market data: 'MarketTick' object is not iterable
2026-09-29 12:05:18.226 [Thread-1 (run_forever)] pyarrow_client.sockets ERROR Failed to parse market data: 'MarketTick' object is not iterable
2026-09-29 12:05:18.226 [Thread-1 (run_forever)] pyarrow_client.sockets ERROR Failed to parse market data: 'MarketTick' object is not iterable
2026-09-29 12:05:18.306 [Thread-1 (run_forever)] pyarrow_client.sockets ERROR Failed to parse market data: 'MarketTick' object is not iterable
2026-09-29 12:05:18.358 [Thread-1 (run_forever)] pyarrow_client.sockets ERROR Failed to parse market data: 'MarketTick' object is not iterable
2026-09-29 12:05:18.400 [Thread-1 (run_forever)] pyarrow_client.sockets ERROR Failed to parse market data: 'MarketTick' object is not iterable
2026-09-29 12:05:18.460 [Thread-1 (run_forever)] pyarrow_client.sockets ERROR Failed to parse market data: 'MarketTick' object is not iterable
2026-09-29 12:05:18.518 [Thread-1 (run_forever)] pyarrow_client.sockets ERROR Failed to parse market data: 'MarketTick' object is not iterable
2026-09-29 12:05:18.518 [Thread-1 (run_forever)] pyarrow_client.sockets ERROR Failed to parse market data: 'MarketTick' object is not iterable
2026-09-29 12:05:18.527 [Thread-1 (run_forever)] pyarrow_client.sockets ERROR Failed to parse market data: 'MarketTick' object is not iterable
2026-09-29 12:05:18.624 [Thread-1 (run_forever)] pyarrow_client.sockets ERROR Failed to parse market data: 'MarketTick' object is not iterable
2026-09-29 12:05:18.703 [Thread-1 (run_forever)] pyarrow_client.sockets ERROR Failed to parse market data: 'MarketTick' object is not iterable
2026-09-29 12:05:18.703 [Thread-1 (run_forever)] pyarrow_client.sockets ERROR Failed to parse market data: 'MarketTick' object is not iterable
2026-09-29 12:05:18.735 [Thread-1 (run_forever)] pyarrow_client.sockets ERROR Failed to parse market data: 'MarketTick' object is not iterable
2026-09-29 12:05:18.735 [Thread-1 (run_forever)] pyarrow_client.sockets ERROR Failed to parse market data: 'MarketTick' object is not iterable
2026-09-29 12:05:18.735 [Thread-1 (run_forever)] pyarrow_client.sockets ERROR Failed to parse market data: 'MarketTick' object is not iterable
2026-09-29 12:05:18.735 [Thread-1 (run_forever)] pyarrow_client.sockets ERROR Failed to parse market data: 'MarketTick' object is not iterable
2026-09-29 12:05:18.735 [Thread-1 (run_forever)] pyarrow_client.sockets ERROR Failed to parse market data: 'MarketTick' object is not iterable
2026-09-29 12:05:18.735 [Thread-1 (run_forever)] pyarrow_client.sockets ERROR Failed to parse market data: 'MarketTick' object is not iterable
2026-09-29 12:05:18.897 [Thread-1 (run_forever)] pyarrow_client.sockets ERROR Failed to parse market data: 'MarketTick' object is not iterable
2026-09-29 12:05:18.926 [Thread-1 (run_forever)] pyarrow_client.sockets ERROR Failed to parse market data: 'MarketTick' object is not iterable
2026-09-29 12:05:18.926 [Thread-1 (run_forever)] pyarrow_client.sockets ERROR Failed to parse market data: 'MarketTick' object is not iterable
2026-09-29 12:05:19.006 [Thread-1 (run_forever)] pyarrow_client.sockets ERROR Failed to parse market data: 'MarketTick' object is not iterable
2026-09-29 12:05:19.028 [Thread-1 (run_forever)] pyarrow_client.sockets ERROR Failed to parse market data: 'MarketTick' object is not iterable
2026-09-29 12:05:19.038 [Thread-1 (run_forever)] pyarrow_client.sockets ERROR Failed to parse market data: 'MarketTick' object is not iterable
2026-09-29 12:05:19.060 [Thread-1 (run_forever)] pyarrow_client.sockets ERROR Failed to parse market data: 'MarketTick' object is not iterable
2026-09-29 12:05:19.060 [Thread-1 (run_forever)] pyarrow_client.sockets ERROR Failed to parse market data: 'MarketTick' object is not iterable
2026-09-29 12:05:19.064 [Thread-1 (run_forever)] pyarrow_client.sockets ERROR Failed to parse market data: 'MarketTick' object is not iterable
2026-09-29 12:05:19.064 [Thread-1 (run_forever)] pyarrow_client.sockets ERROR Failed to parse market data: 'MarketTick' object is not iterable
2026-09-29 12:05:19.124 [Thread-1 (run_forever)] pyarrow_client.sockets ERROR Failed to parse market data: 'MarketTick' object is not iterable
2026-09-29 12:05:19.133 [Thread-1 (run_forever)] pyarrow_client.sockets ERROR Failed to parse market data: 'MarketTick' object is not iterable
2026-09-29 12:05:19.244 [Thread-1 (run_forever)] pyarrow_client.sockets ERROR Failed to parse market data: 'MarketTick' object is not iterable
2026-09-29 12:05:19.308 [Thread-1 (run_forever)] pyarrow_client.sockets ERROR Failed to parse market data: 'MarketTick' object is not iterable
2026-09-29 12:05:19.356 [Thread-1 (run_forever)] pyarrow_client.sockets ERROR Failed to parse market data: 'MarketTick' object is not iterable
2026-09-29 12:05:19.404 [Thread-1 (run_forever)] pyarrow_client.sockets ERROR Failed to parse market data: 'MarketTick' object is not iterable
2026-09-29 12:05:19.404 [Thread-1 (run_forever)] pyarrow_client.sockets ERROR Failed to parse market data: 'MarketTick' object is not iterable
2026-09-29 12:05:19.404 [Thread-1 (run_forever)] pyarrow_client.sockets ERROR Failed to parse market data: 'MarketTick' object is not iterable
2026-09-29 12:05:19.436 [Thread-1 (run_forever)] pyarrow_client.sockets ERROR Failed to parse market data: 'MarketTick' object is not iterable
2026-09-29 12:05:19.598 [Thread-1 (run_forever)] pyarrow_client.sockets ERROR Failed to parse market data: 'MarketTick' object is not iterable
2026-09-29 12:05:19.629 [Thread-1 (run_forever)] pyarrow_client.sockets ERROR Failed to parse market data: 'MarketTick' object is not iterable
2026-09-29 12:05:19.647 [Thread-1 (run_forever)] pyarrow_client.sockets ERROR Failed to parse market data: 'MarketTick' object is not iterable
2026-09-29 12:05:19.647 [Thread-1 (run_forever)] pyarrow_client.sockets ERROR Failed to parse market data: 'MarketTick' object is not iterable
2026-09-29 12:05:19.649 [Thread-1 (run_forever)] pyarrow_client.sockets ERROR Failed to parse market data: 'MarketTick' object is not iterable
2026-09-29 12:05:19.742 [Thread-1 (run_forever)] pyarrow_client.sockets ERROR Failed to parse market data: 'MarketTick' object is not iterable
2026-09-29 12:05:19.742 [Thread-1 (run_forever)] pyarrow_client.sockets ERROR Failed to parse market data: 'MarketTick' object is not iterable
2026-09-29 12:05:19.742 [Thread-1 (run_forever)] pyarrow_client.sockets ERROR Failed to parse market data: 'MarketTick' object is not iterable
2026-09-29 12:05:19.834 [Thread-1 (run_forever)] pyarrow_client.sockets ERROR Failed to parse market data: 'MarketTick' object is not iterable
2026-09-29 12:05:19.901 [Thread-1 (run_forever)] pyarrow_client.sockets ERROR Failed to parse market data: 'MarketTick' object is not iterable
2026-09-29 12:05:19.911 [Thread-1 (run_forever)] pyarrow_client.sockets ERROR Failed to parse market data: 'MarketTick' object is not iterable
2026-09-29 12:05:19.930 [Thread-1 (run_forever)] pyarrow_client.sockets ERROR Failed to parse market data: 'MarketTick' object is not iterable
2026-09-29 12:05:19.930 [Thread-1 (run_forever)] pyarrow_client.sockets ERROR Failed to parse market data: 'MarketTick' object is not iterable
2026-09-29 12:05:19.932 [Thread-1 (run_forever)] pyarrow_client.sockets ERROR Failed to parse market data: 'MarketTick' object is not iterable
2026-09-29 12:05:19.932 [Thread-1 (run_forever)] pyarrow_client.sockets ERROR Failed to parse market data: 'MarketTick' object is not iterable
2026-09-29 12:05:19.940 [Thread-1 (run_forever)] pyarrow_client.sockets ERROR Failed to parse market data: 'MarketTick' object is not iterable
2026-09-29 12:05:19.940 [Thread-1 (run_forever)] pyarrow_client.sockets ERROR Failed to parse market data: 'MarketTick' object is not iterable
2026-09-29 12:05:20.036 [Thread-1 (run_forever)] pyarrow_client.sockets ERROR Failed to parse market data: 'MarketTick' object is not iterable
2026-09-29 12:05:20.038 [Thread-1 (run_forever)] pyarrow_client.sockets ERROR Failed to parse market data: 'MarketTick' object is not iterable
2026-09-29 12:05:20.052 [Thread-1 (run_forever)] pyarrow_client.sockets ERROR Failed to parse market data: 'MarketTick' object is not iterable
2026-09-29 12:05:20.052 [Thread-1 (run_forever)] pyarrow_client.sockets ERROR Failed to parse market data: 'MarketTick' object is not iterable
2026-09-29 12:05:20.052 [Thread-1 (run_forever)] pyarrow_client.sockets ERROR Failed to parse market data: 'MarketTick' object is not iterable
2026-09-29 12:05:20.052 [Thread-1 (run_forever)] pyarrow_client.sockets ERROR Failed to parse market data: 'MarketTick' object is not iterable
2026-09-29 12:05:20.163 [Thread-1 (run_forever)] pyarrow_client.sockets ERROR Failed to parse market data: 'MarketTick' object is not iterable
2026-09-29 12:05:20.212 [Thread-1 (run_forever)] pyarrow_client.sockets ERROR Failed to parse market data: 'MarketTick' object is not iterable
2026-09-29 12:05:20.244 [Thread-1 (run_forever)] pyarrow_client.sockets ERROR Failed to parse market data: 'MarketTick' object is not iterable
2026-09-29 12:05:20.307 [Thread-1 (run_forever)] pyarrow_client.sockets ERROR Failed to parse market data: 'MarketTick' object is not iterable
2026-09-29 12:05:20.307 [Thread-1 (run_forever)] pyarrow_client.sockets ERROR Failed to parse market data: 'MarketTick' object is not iterable
2026-09-29 12:05:20.307 [Thread-1 (run_forever)] pyarrow_client.sockets ERROR Failed to parse market data: 'MarketTick' object is not iterable
2026-09-29 12:05:20.323 [Thread-1 (run_forever)] pyarrow_client.sockets ERROR Failed to parse market data: 'MarketTick' object is not iterable
2026-09-29 12:05:20.514 [Thread-1 (run_forever)] pyarrow_client.sockets ERROR Failed to parse market data: 'MarketTick' object is not iterable
2026-09-29 12:05:20.514 [Thread-1 (run_forever)] pyarrow_client.sockets ERROR Failed to parse market data: 'MarketTick' object is not iterable
2026-09-29 12:05:20.540 [Thread-1 (run_forever)] pyarrow_client.sockets ERROR Failed to parse market data: 'MarketTick' object is not iterable
2026-09-29 12:05:20.540 [Thread-1 (run_forever)] pyarrow_client.sockets ERROR Failed to parse market data: 'MarketTick' object is not iterable
2026-09-29 12:05:20.540 [Thread-1 (run_forever)] pyarrow_client.sockets ERROR Failed to parse market data: 'MarketTick' object is not iterable
2026-09-29 12:05:20.736 [Thread-1 (run_forever)] pyarrow_client.sockets ERROR Failed to parse market data: 'MarketTick' object is not iterable
2026-09-29 12:05:20.736 [Thread-1 (run_forever)] pyarrow_client.sockets ERROR Failed to parse market data: 'MarketTick' object is not iterable
2026-09-29 12:05:20.736 [Thread-1 (run_forever)] pyarrow_client.sockets ERROR Failed to parse market data: 'MarketTick' object is not iterable
2026-09-29 12:05:20.736 [Thread-1 (run_forever)] pyarrow_client.sockets ERROR Failed to parse market data: 'MarketTick' object is not iterable
2026-09-29 12:05:20.736 [Thread-1 (run_forever)] pyarrow_client.sockets ERROR Failed to parse market data: 'MarketTick' object is not iterable
2026-09-29 12:05:20.816 [Thread-1 (run_forever)] pyarrow_client.sockets ERROR Failed to parse market data: 'MarketTick' object is not iterable
2026-09-29 12:05:20.832 [Thread-1 (run_forever)] pyarrow_client.sockets ERROR Failed to parse market data: 'MarketTick' object is not iterable
2026-09-29 12:05:20.838 [Thread-1 (run_forever)] pyarrow_client.sockets ERROR Failed to parse market data: 'MarketTick' object is not iterable
2026-09-29 12:05:20.838 [Thread-1 (run_forever)] pyarrow_client.sockets ERROR Failed to parse market data: 'MarketTick' object is not iterable
2026-09-29 12:05:20.900 [Thread-1 (run_forever)] pyarrow_client.sockets ERROR Failed to parse market data: 'MarketTick' object is not iterable
2026-09-29 12:05:20.927 [Thread-1 (run_forever)] pyarrow_client.sockets ERROR Failed to parse market data: 'MarketTick' object is not iterable
2026-09-29 12:05:20.929 [Thread-1 (run_forever)] pyarrow_client.sockets ERROR Failed to parse market data: 'MarketTick' object is not iterable
2026-09-29 12:05:20.930 [Thread-1 (run_forever)] pyarrow_client.sockets ERROR Failed to parse market data: 'MarketTick' object is not iterable
2026-09-29 12:05:20.930 [Thread-1 (run_forever)] pyarrow_client.sockets ERROR Failed to parse market data: 'MarketTick' object is not iterable
2026-09-29 12:05:20.932 [Thread-1 (run_forever)] pyarrow_client.sockets ERROR Failed to parse market data: 'MarketTick' object is not iterable
2026-09-29 12:05:20.934 [Thread-1 (run_forever)] pyarrow_client.sockets ERROR Failed to parse market data: 'MarketTick' object is not iterable
2026-09-29 12:05:21.058 [Thread-1 (run_forever)] pyarrow_client.sockets ERROR Failed to parse market data: 'MarketTick' object is not iterable
2026-09-29 12:05:21.058 [Thread-1 (run_forever)] pyarrow_client.sockets ERROR Failed to parse market data: 'MarketTick' object is not iterable
2026-09-29 12:05:21.058 [Thread-1 (run_forever)] pyarrow_client.sockets ERROR Failed to parse market data: 'MarketTick' object is not iterable
2026-09-29 12:05:21.058 [Thread-1 (run_forever)] pyarrow_client.sockets ERROR Failed to parse market data: 'MarketTick' object is not iterable
2026-09-29 12:05:21.058 [Thread-1 (run_forever)] pyarrow_client.sockets ERROR Failed to parse market data: 'MarketTick' object is not iterable
2026-09-29 12:05:21.115 [Thread-1 (run_forever)] pyarrow_client.sockets ERROR Failed to parse market data: 'MarketTick' object is not iterable
2026-09-29 12:05:21.248 [Thread-1 (run_forever)] pyarrow_client.sockets ERROR Failed to parse market data: 'MarketTick' object is not iterable
2026-09-29 12:05:21.248 [Thread-1 (run_forever)] pyarrow_client.sockets ERROR Failed to parse market data: 'MarketTick' object is not iterable
2026-09-29 12:05:21.248 [Thread-1 (run_forever)] pyarrow_client.sockets ERROR Failed to parse market data: 'MarketTick' object is not iterable
2026-09-29 12:05:21.248 [Thread-1 (run_forever)] pyarrow_client.sockets ERROR Failed to parse market data: 'MarketTick' object is not iterable
2026-09-29 12:05:21.248 [Thread-1 (run_forever)] pyarrow_client.sockets ERROR Failed to parse market data: 'MarketTick' object is not iterable
2026-09-29 12:05:21.406 [Thread-1 (run_forever)] pyarrow_client.sockets ERROR Failed to parse market data: 'MarketTick' object is not iterable
2026-09-29 12:05:21.406 [Thread-1 (run_forever)] pyarrow_client.sockets ERROR Failed to parse market data: 'MarketTick' object is not iterable
2026-09-29 12:05:21.438 [Thread-1 (run_forever)] pyarrow_client.sockets ERROR Failed to parse market data: 'MarketTick' object is not iterable
2026-09-29 12:05:21.438 [Thread-1 (run_forever)] pyarrow_client.sockets ERROR Failed to parse market data: 'MarketTick' object is not iterable
2026-09-29 12:05:21.438 [Thread-1 (run_forever)] pyarrow_client.sockets ERROR Failed to parse market data: 'MarketTick' object is not iterable
2026-09-29 12:05:21.640 [Thread-1 (run_forever)] pyarrow_client.sockets ERROR Failed to parse market data: 'MarketTick' object is not iterable
2026-09-29 12:05:21.717 [Thread-1 (run_forever)] pyarrow_client.sockets ERROR Failed to parse market data: 'MarketTick' object is not iterable
2026-09-29 12:05:21.727 [Thread-1 (run_forever)] pyarrow_client.sockets ERROR Failed to parse market data: 'MarketTick' object is not iterable
2026-09-29 12:05:21.727 [Thread-1 (run_forever)] pyarrow_client.sockets ERROR Failed to parse market data: 'MarketTick' object is not iterable
2026-09-29 12:05:21.727 [Thread-1 (run_forever)] pyarrow_client.sockets ERROR Failed to parse market data: 'MarketTick' object is not iterable
2026-09-29 12:05:21.743 [Thread-1 (run_forever)] pyarrow_client.sockets ERROR Failed to parse market data: 'MarketTick' object is not iterable
2026-09-29 12:05:21.743 [Thread-1 (run_forever)] pyarrow_client.sockets ERROR Failed to parse market data: 'MarketTick' object is not iterable
2026-09-29 12:05:21.839 [Thread-1 (run_forever)] pyarrow_client.sockets ERROR Failed to parse market data: 'MarketTick' object is not iterable
2026-09-29 12:05:21.839 [Thread-1 (run_forever)] pyarrow_client.sockets ERROR Failed to parse market data: 'MarketTick' object is not iterable
2026-09-29 12:05:21.935 [Thread-1 (run_forever)] pyarrow_client.sockets ERROR Failed to parse market data: 'MarketTick' object is not iterable
2026-09-29 12:05:21.935 [Thread-1 (run_forever)] pyarrow_client.sockets ERROR Failed to parse market data: 'MarketTick' object is not iterable
2026-09-29 12:05:21.935 [Thread-1 (run_forever)] pyarrow_client.sockets ERROR Failed to parse market data: 'MarketTick' object is not iterable
2026-09-29 12:05:21.935 [Thread-1 (run_forever)] pyarrow_client.sockets ERROR Failed to parse market data: 'MarketTick' object is not iterable
2026-09-29 12:05:21.935 [Thread-1 (run_forever)] pyarrow_client.sockets ERROR Failed to parse market data: 'MarketTick' object is not iterable
2026-09-29 12:05:21.951 [Thread-1 (run_forever)] pyarrow_client.sockets ERROR Failed to parse market data: 'MarketTick' object is not iterable
2026-09-29 12:05:22.014 [Thread-1 (run_forever)] pyarrow_client.sockets ERROR Failed to parse market data: 'MarketTick' object is not iterable
2026-09-29 12:05:22.046 [Thread-1 (run_forever)] pyarrow_client.sockets ERROR Failed to parse market data: 'MarketTick' object is not iterable
2026-09-29 12:05:22.127 [Thread-1 (run_forever)] pyarrow_client.sockets ERROR Failed to parse market data: 'MarketTick' object is not iterable
2026-09-29 12:05:22.127 [Thread-1 (run_forever)] pyarrow_client.sockets ERROR Failed to parse market data: 'MarketTick' object is not iterable
2026-09-29 12:05:22.127 [Thread-1 (run_forever)] pyarrow_client.sockets ERROR Failed to parse market data: 'MarketTick' object is not iterable
2026-09-29 12:05:22.127 [Thread-1 (run_forever)] pyarrow_client.sockets ERROR Failed to parse market data: 'MarketTick' object is not iterable
2026-09-29 12:05:22.143 [Thread-1 (run_forever)] pyarrow_client.sockets ERROR Failed to parse market data: 'MarketTick' object is not iterable
2026-09-29 12:05:22.143 [Thread-1 (run_forever)] pyarrow_client.sockets ERROR Failed to parse market data: 'MarketTick' object is not iterable
2026-09-29 12:05:22.145 [Thread-1 (run_forever)] pyarrow_client.sockets ERROR Failed to parse market data: 'MarketTick' object is not iterable
2026-09-29 12:05:22.145 [Thread-1 (run_forever)] pyarrow_client.sockets ERROR Failed to parse market data: 'MarketTick' object is not iterable
2026-09-29 12:05:22.318 [Thread-1 (run_forever)] pyarrow_client.sockets ERROR Failed to parse market data: 'MarketTick' object is not iterable
2026-09-29 12:05:22.318 [Thread-1 (run_forever)] pyarrow_client.sockets ERROR Failed to parse market data: 'MarketTick' object is not iterable
2026-09-29 12:05:22.338 [Thread-1 (run_forever)] pyarrow_client.sockets ERROR Failed to parse market data: 'MarketTick' object is not iterable
2026-09-29 12:05:22.340 [Thread-1 (run_forever)] pyarrow_client.sockets ERROR Failed to parse market data: 'MarketTick' object is not iterable
2026-09-29 12:05:22.340 [Thread-1 (run_forever)] pyarrow_client.sockets ERROR Failed to parse market data: 'MarketTick' object is not iterable
2026-09-29 12:05:22.541 [Thread-1 (run_forever)] pyarrow_client.sockets ERROR Failed to parse market data: 'MarketTick' object is not iterable
2026-09-29 12:05:22.622 [Thread-1 (run_forever)] pyarrow_client.sockets ERROR Failed to parse market data: 'MarketTick' object is not iterable
2026-09-29 12:05:22.631 [Thread-1 (run_forever)] pyarrow_client.sockets ERROR Failed to parse market data: 'MarketTick' object is not iterable
2026-09-29 12:05:22.641 [Thread-1 (run_forever)] pyarrow_client.sockets ERROR Failed to parse market data: 'MarketTick' object is not iterable
2026-09-29 12:05:22.646 [Thread-1 (run_forever)] pyarrow_client.sockets ERROR Failed to parse market data: 'MarketTick' object is not iterable
2026-09-29 12:05:22.724 [Thread-1 (run_forever)] pyarrow_client.sockets ERROR Failed to parse market data: 'MarketTick' object is not iterable
2026-09-29 12:05:22.724 [Thread-1 (run_forever)] pyarrow_client.sockets ERROR Failed to parse market data: 'MarketTick' object is not iterable
2026-09-29 12:05:22.740 [Thread-1 (run_forever)] pyarrow_client.sockets ERROR Failed to parse market data: 'MarketTick' object is not iterable
2026-09-29 12:05:22.740 [Thread-1 (run_forever)] pyarrow_client.sockets ERROR Failed to parse market data: 'MarketTick' object is not iterable
2026-09-29 12:05:22.851 [Thread-1 (run_forever)] pyarrow_client.sockets ERROR Failed to parse market data: 'MarketTick' object is not iterable
2026-09-29 12:05:22.899 [Thread-1 (run_forever)] pyarrow_client.sockets ERROR Failed to parse market data: 'MarketTick' object is not iterable
2026-09-29 12:05:22.920 [Thread-1 (run_forever)] pyarrow_client.sockets ERROR Failed to parse market data: 'MarketTick' object is not iterable
2026-09-29 12:05:22.922 [Thread-1 (run_forever)] pyarrow_client.sockets ERROR Failed to parse market data: 'MarketTick' object is not iterable
2026-09-29 12:05:22.922 [Thread-1 (run_forever)] pyarrow_client.sockets ERROR Failed to parse market data: 'MarketTick' object is not iterable
2026-09-29 12:05:22.922 [Thread-1 (run_forever)] pyarrow_client.sockets ERROR Failed to parse market data: 'MarketTick' object is not iterable
2026-09-29 12:05:22.947 [Thread-1 (run_forever)] pyarrow_client.sockets ERROR Failed to parse market data: 'MarketTick' object is not iterable
2026-09-29 12:05:23.027 [Thread-1 (run_forever)] pyarrow_client.sockets ERROR Failed to parse market data: 'MarketTick' object is not iterable
2026-09-29 12:05:23.029 [Thread-1 (run_forever)] pyarrow_client.sockets ERROR Failed to parse market data: 'MarketTick' object is not iterable
2026-09-29 12:05:23.029 [Thread-1 (run_forever)] pyarrow_client.sockets ERROR Failed to parse market data: 'MarketTick' object is not iterable
2026-09-29 12:05:23.031 [Thread-1 (run_forever)] pyarrow_client.sockets ERROR Failed to parse market data: 'MarketTick' object is not iterable
2026-09-29 12:05:23.058 [Thread-1 (run_forever)] pyarrow_client.sockets ERROR Failed to parse market data: 'MarketTick' object is not iterable
2026-09-29 12:05:23.058 [Thread-1 (run_forever)] pyarrow_client.sockets ERROR Failed to parse market data: 'MarketTick' object is not iterable
2026-09-29 12:05:23.058 [Thread-1 (run_forever)] pyarrow_client.sockets ERROR Failed to parse market data: 'MarketTick' object is not iterable
2026-09-29 12:05:23.218 [Thread-1 (run_forever)] pyarrow_client.sockets ERROR Failed to parse market data: 'MarketTick' object is not iterable
2026-09-29 12:05:23.218 [Thread-1 (run_forever)] pyarrow_client.sockets ERROR Failed to parse market data: 'MarketTick' object is not iterable
2026-09-29 12:05:23.250 [Thread-1 (run_forever)] pyarrow_client.sockets ERROR Failed to parse market data: 'MarketTick' object is not iterable
2026-09-29 12:05:23.252 [Thread-1 (run_forever)] pyarrow_client.sockets ERROR Failed to parse market data: 'MarketTick' object is not iterable
2026-09-29 12:05:23.252 [Thread-1 (run_forever)] pyarrow_client.sockets ERROR Failed to parse market data: 'MarketTick' object is not iterable
2026-09-29 12:05:23.442 [Thread-1 (run_forever)] pyarrow_client.sockets ERROR Failed to parse market data: 'MarketTick' object is not iterable
2026-09-29 12:05:23.522 [Thread-1 (run_forever)] pyarrow_client.sockets ERROR Failed to parse market data: 'MarketTick' object is not iterable
2026-09-29 12:05:23.522 [Thread-1 (run_forever)] pyarrow_client.sockets ERROR Failed to parse market data: 'MarketTick' object is not iterable
2026-09-29 12:05:23.539 [Thread-1 (run_forever)] pyarrow_client.sockets ERROR Failed to parse market data: 'MarketTick' object is not iterable
2026-09-29 12:05:23.539 [Thread-1 (run_forever)] pyarrow_client.sockets ERROR Failed to parse market data: 'MarketTick' object is not iterable
2026-09-29 12:05:23.636 [Thread-1 (run_forever)] pyarrow_client.sockets ERROR Failed to parse market data: 'MarketTick' object is not iterable
2026-09-29 12:05:23.636 [Thread-1 (run_forever)] pyarrow_client.sockets ERROR Failed to parse market data: 'MarketTick' object is not iterable
2026-09-29 12:05:23.745 [Thread-1 (run_forever)] pyarrow_client.sockets ERROR Failed to parse market data: 'MarketTick' object is not iterable
2026-09-29 12:05:23.745 [Thread-1 (run_forever)] pyarrow_client.sockets ERROR Failed to parse market data: 'MarketTick' object is not iterable
2026-09-29 12:05:23.745 [Thread-1 (run_forever)] pyarrow_client.sockets ERROR Failed to parse market data: 'MarketTick' object is not iterable
2026-09-29 12:05:23.745 [Thread-1 (run_forever)] pyarrow_client.sockets ERROR Failed to parse market data: 'MarketTick' object is not iterable
2026-09-29 12:05:23.745 [Thread-1 (run_forever)] pyarrow_client.sockets ERROR Failed to parse market data: 'MarketTick' object is not iterable
2026-09-29 12:05:23.761 [Thread-1 (run_forever)] pyarrow_client.sockets ERROR Failed to parse market data: 'MarketTick' object is not iterable
2026-09-29 12:05:23.825 [Thread-1 (run_forever)] pyarrow_client.sockets ERROR Failed to parse market data: 'MarketTick' object is not iterable
2026-09-29 12:05:23.857 [Thread-1 (run_forever)] pyarrow_client.sockets ERROR Failed to parse market data: 'MarketTick' object is not iterable
2026-09-29 12:05:23.904 [Thread-1 (run_forever)] pyarrow_client.sockets ERROR Failed to parse market data: 'MarketTick' object is not iterable
2026-09-29 12:05:23.905 [Thread-1 (run_forever)] pyarrow_client.sockets ERROR Failed to parse market data: 'MarketTick' object is not iterable
2026-09-29 12:05:23.920 [Thread-1 (run_forever)] pyarrow_client.sockets ERROR Failed to parse market data: 'MarketTick' object is not iterable
2026-09-29 12:05:23.920 [Thread-1 (run_forever)] pyarrow_client.sockets ERROR Failed to parse market data: 'MarketTick' object is not iterable
2026-09-29 12:05:23.920 [Thread-1 (run_forever)] pyarrow_client.sockets ERROR Failed to parse market data: 'MarketTick' object is not iterable
2026-09-29 12:05:23.920 [Thread-1 (run_forever)] pyarrow_client.sockets ERROR Failed to parse market data: 'MarketTick' object is not iterable
2026-09-29 12:05:23.920 [Thread-1 (run_forever)] pyarrow_client.sockets ERROR Failed to parse market data: 'MarketTick' object is not iterable
2026-09-29 12:05:23.952 [Thread-1 (run_forever)] pyarrow_client.sockets ERROR Failed to parse market data: 'MarketTick' object is not iterable
2026-09-29 12:05:24.064 [Thread-1 (run_forever)] pyarrow_client.sockets ERROR Failed to parse market data: 'MarketTick' object is not iterable
2026-09-29 12:05:24.064 [Thread-1 (run_forever)] pyarrow_client.sockets ERROR Failed to parse market data: 'MarketTick' object is not iterable
2026-09-29 12:05:24.064 [Thread-1 (run_forever)] pyarrow_client.sockets ERROR Failed to parse market data: 'MarketTick' object is not iterable
2026-09-29 12:05:24.064 [Thread-1 (run_forever)] pyarrow_client.sockets ERROR Failed to parse market data: 'MarketTick' object is not iterable
2026-09-29 12:05:24.112 [Thread-1 (run_forever)] pyarrow_client.sockets ERROR Failed to parse market data: 'MarketTick' object is not iterable
2026-09-29 12:05:24.112 [Thread-1 (run_forever)] pyarrow_client.sockets ERROR Failed to parse market data: 'MarketTick' object is not iterable
2026-09-29 12:05:24.143 [Thread-1 (run_forever)] pyarrow_client.sockets ERROR Failed to parse market data: 'MarketTick' object is not iterable
2026-09-29 12:05:24.143 [Thread-1 (run_forever)] pyarrow_client.sockets ERROR Failed to parse market data: 'MarketTick' object is not iterable
2026-09-29 12:05:24.143 [Thread-1 (run_forever)] pyarrow_client.sockets ERROR Failed to parse market data: 'MarketTick' object is not iterable
2026-09-29 12:05:24.351 [Thread-1 (run_forever)] pyarrow_client.sockets ERROR Failed to parse market data: 'MarketTick' object is not iterable
2026-09-29 12:05:24.415 [Thread-1 (run_forever)] pyarrow_client.sockets ERROR Failed to parse market data: 'MarketTick' object is not iterable
2026-09-29 12:05:24.431 [Thread-1 (run_forever)] pyarrow_client.sockets ERROR Failed to parse market data: 'MarketTick' object is not iterable
2026-09-29 12:05:24.447 [Thread-1 (run_forever)] pyarrow_client.sockets ERROR Failed to parse market data: 'MarketTick' object is not iterable
2026-09-29 12:05:24.448 [Thread-1 (run_forever)] pyarrow_client.sockets ERROR Failed to parse market data: 'MarketTick' object is not iterable
2026-09-29 12:05:24.529 [Thread-1 (run_forever)] pyarrow_client.sockets ERROR Failed to parse market data: 'MarketTick' object is not iterable
2026-09-29 12:05:24.529 [Thread-1 (run_forever)] pyarrow_client.sockets ERROR Failed to parse market data: 'MarketTick' object is not iterable
2026-09-29 12:05:24.660 [Thread-1 (run_forever)] pyarrow_client.sockets ERROR Failed to parse market data: 'MarketTick' object is not iterable
2026-09-29 12:05:24.723 [Thread-1 (run_forever)] pyarrow_client.sockets ERROR Failed to parse market data: 'MarketTick' object is not iterable
2026-09-29 12:05:24.844 [Thread-1 (run_forever)] pyarrow_client.sockets ERROR Failed to parse market data: 'MarketTick' object is not iterable
2026-09-29 12:05:24.844 [Thread-1 (run_forever)] pyarrow_client.sockets ERROR Failed to parse market data: 'MarketTick' object is not iterable
2026-09-29 12:05:24.844 [Thread-1 (run_forever)] pyarrow_client.sockets ERROR Failed to parse market data: 'MarketTick' object is not iterable
2026-09-29 12:05:24.844 [Thread-1 (run_forever)] pyarrow_client.sockets ERROR Failed to parse market data: 'MarketTick' object is not iterable
2026-09-29 12:05:24.844 [Thread-1 (run_forever)] pyarrow_client.sockets ERROR Failed to parse market data: 'MarketTick' object is not iterable
2026-09-29 12:05:24.844 [Thread-1 (run_forever)] pyarrow_client.sockets ERROR Failed to parse market data: 'MarketTick' object is not iterable
2026-09-29 12:05:24.844 [Thread-1 (run_forever)] pyarrow_client.sockets ERROR Failed to parse market data: 'MarketTick' object is not iterable
2026-09-29 12:05:24.844 [Thread-1 (run_forever)] pyarrow_client.sockets ERROR Failed to parse market data: 'MarketTick' object is not iterable
2026-09-29 12:05:24.844 [Thread-1 (run_forever)] pyarrow_client.sockets ERROR Failed to parse market data: 'MarketTick' object is not iterable
2026-09-29 12:05:24.861 [Thread-1 (run_forever)] pyarrow_client.sockets ERROR Failed to parse market data: 'MarketTick' object is not iterable
2026-09-29 12:05:24.925 [Thread-1 (run_forever)] pyarrow_client.sockets ERROR Failed to parse market data: 'MarketTick' object is not iterable
2026-09-29 12:05:24.925 [Thread-1 (run_forever)] pyarrow_client.sockets ERROR Failed to parse market data: 'MarketTick' object is not iterable
2026-09-29 12:05:24.925 [Thread-1 (run_forever)] pyarrow_client.sockets ERROR Failed to parse market data: 'MarketTick' object is not iterable
2026-09-29 12:05:24.925 [Thread-1 (run_forever)] pyarrow_client.sockets ERROR Failed to parse market data: 'MarketTick' object is not iterable
2026-09-29 12:05:25.020 [Thread-1 (run_forever)] pyarrow_client.sockets ERROR Failed to parse market data: 'MarketTick' object is not iterable
2026-09-29 12:05:25.020 [Thread-1 (run_forever)] pyarrow_client.sockets ERROR Failed to parse market data: 'MarketTick' object is not iterable
2026-09-29 12:05:25.036 [Thread-1 (run_forever)] pyarrow_client.sockets ERROR Failed to parse market data: 'MarketTick' object is not iterable
2026-09-29 12:05:25.036 [Thread-1 (run_forever)] pyarrow_client.sockets ERROR Failed to parse market data: 'MarketTick' object is not iterable
2026-09-29 12:05:25.036 [Thread-1 (run_forever)] pyarrow_client.sockets ERROR Failed to parse market data: 'MarketTick' object is not iterable
2026-09-29 12:05:25.052 [Thread-1 (run_forever)] pyarrow_client.sockets ERROR Failed to parse market data: 'MarketTick' object is not iterable
2026-09-29 12:05:25.052 [Thread-1 (run_forever)] pyarrow_client.sockets ERROR Failed to parse market data: 'MarketTick' object is not iterable
2026-09-29 12:05:25.052 [Thread-1 (run_forever)] pyarrow_client.sockets ERROR Failed to parse market data: 'MarketTick' object is not iterable
2026-09-29 12:05:25.068 [Thread-1 (run_forever)] pyarrow_client.sockets ERROR Failed to parse market data: 'MarketTick' object is not iterable
2026-09-29 12:05:25.243 [Thread-1 (run_forever)] pyarrow_client.sockets ERROR Failed to parse market data: 'MarketTick' object is not iterable
2026-09-29 12:05:25.326 [Thread-1 (run_forever)] pyarrow_client.sockets ERROR Failed to parse market data: 'MarketTick' object is not iterable
2026-09-29 12:05:25.328 [Thread-1 (run_forever)] pyarrow_client.sockets ERROR Failed to parse market data: 'MarketTick' object is not iterable
2026-09-29 12:05:25.340 [Thread-1 (run_forever)] pyarrow_client.sockets ERROR Failed to parse market data: 'MarketTick' object is not iterable
2026-09-29 12:05:25.340 [Thread-1 (run_forever)] pyarrow_client.sockets ERROR Failed to parse market data: 'MarketTick' object is not iterable
2026-09-29 12:05:25.420 [Thread-1 (run_forever)] pyarrow_client.sockets ERROR Failed to parse market data: 'MarketTick' object is not iterable
2026-09-29 12:05:25.420 [Thread-1 (run_forever)] pyarrow_client.sockets ERROR Failed to parse market data: 'MarketTick' object is not iterable
2026-09-29 12:05:25.580 [Thread-1 (run_forever)] pyarrow_client.sockets ERROR Failed to parse market data: 'MarketTick' object is not iterable
2026-09-29 12:05:25.612 [Thread-1 (run_forever)] pyarrow_client.sockets ERROR Failed to parse market data: 'MarketTick' object is not iterable
2026-09-29 12:05:25.676 [Thread-1 (run_forever)] pyarrow_client.sockets ERROR Failed to parse market data: 'MarketTick' object is not iterable
2026-09-29 12:05:25.724 [Thread-1 (run_forever)] pyarrow_client.sockets ERROR Failed to parse market data: 'MarketTick' object is not iterable
2026-09-29 12:05:25.724 [Thread-1 (run_forever)] pyarrow_client.sockets ERROR Failed to parse market data: 'MarketTick' object is not iterable
2026-09-29 12:05:25.724 [Thread-1 (run_forever)] pyarrow_client.sockets ERROR Failed to parse market data: 'MarketTick' object is not iterable
2026-09-29 12:05:25.724 [Thread-1 (run_forever)] pyarrow_client.sockets ERROR Failed to parse market data: 'MarketTick' object is not iterable
2026-09-29 12:05:25.741 [Thread-1 (run_forever)] pyarrow_client.sockets ERROR Failed to parse market data: 'MarketTick' object is not iterable
2026-09-29 12:05:25.741 [Thread-1 (run_forever)] pyarrow_client.sockets ERROR Failed to parse market data: 'MarketTick' object is not iterable
2026-09-29 12:05:25.741 [Thread-1 (run_forever)] pyarrow_client.sockets ERROR Failed to parse market data: 'MarketTick' object is not iterable
2026-09-29 12:05:25.884 [Thread-1 (run_forever)] pyarrow_client.sockets ERROR Failed to parse market data: 'MarketTick' object is not iterable
2026-09-29 12:05:25.900 [Thread-1 (run_forever)] pyarrow_client.sockets ERROR Failed to parse market data: 'MarketTick' object is not iterable
2026-09-29 12:05:25.941 [Thread-1 (run_forever)] pyarrow_client.sockets ERROR Failed to parse market data: 'MarketTick' object is not iterable
2026-09-29 12:05:25.942 [Thread-1 (run_forever)] pyarrow_client.sockets ERROR Failed to parse market data: 'MarketTick' object is not iterable
2026-09-29 12:05:25.943 [Thread-1 (run_forever)] pyarrow_client.sockets ERROR Failed to parse market data: 'MarketTick' object is not iterable
2026-09-29 12:05:25.943 [Thread-1 (run_forever)] pyarrow_client.sockets ERROR Failed to parse market data: 'MarketTick' object is not iterable
2026-09-29 12:05:25.944 [Thread-1 (run_forever)] pyarrow_client.sockets ERROR Failed to parse market data: 'MarketTick' object is not iterable
2026-09-29 12:05:25.944 [Thread-1 (run_forever)] pyarrow_client.sockets ERROR Failed to parse market data: 'MarketTick' object is not iterable
2026-09-29 12:05:25.963 [Thread-1 (run_forever)] pyarrow_client.sockets ERROR Failed to parse market data: 'MarketTick' object is not iterable
2026-09-29 12:05:25.964 [Thread-1 (run_forever)] pyarrow_client.sockets ERROR Failed to parse market data: 'MarketTick' object is not iterable
2026-09-29 12:05:25.965 [Thread-1 (run_forever)] pyarrow_client.sockets ERROR Failed to parse market data: 'MarketTick' object is not iterable
2026-09-29 12:05:26.066 [Thread-1 (run_forever)] pyarrow_client.sockets ERROR Failed to parse market data: 'MarketTick' object is not iterable
2026-09-29 12:05:26.066 [Thread-1 (run_forever)] pyarrow_client.sockets ERROR Failed to parse market data: 'MarketTick' object is not iterable
2026-09-29 12:05:26.066 [Thread-1 (run_forever)] pyarrow_client.sockets ERROR Failed to parse market data: 'MarketTick' object is not iterable
2026-09-29 12:05:26.066 [Thread-1 (run_forever)] pyarrow_client.sockets ERROR Failed to parse market data: 'MarketTick' object is not iterable
2026-09-29 12:05:26.146 [Thread-1 (run_forever)] pyarrow_client.sockets ERROR Failed to parse market data: 'MarketTick' object is not iterable
2026-09-29 12:05:26.227 [Thread-1 (run_forever)] pyarrow_client.sockets ERROR Failed to parse market data: 'MarketTick' object is not iterable
2026-09-29 12:05:26.235 [Thread-1 (run_forever)] pyarrow_client.sockets ERROR Failed to parse market data: 'MarketTick' object is not iterable
2026-09-29 12:05:26.242 [Thread-1 (run_forever)] pyarrow_client.sockets ERROR Failed to parse market data: 'MarketTick' object is not iterable
2026-09-29 12:05:26.257 [Thread-1 (run_forever)] pyarrow_client.sockets ERROR Failed to parse market data: 'MarketTick' object is not iterable
2026-09-29 12:05:26.321 [Thread-1 (run_forever)] pyarrow_client.sockets ERROR Failed to parse market data: 'MarketTick' object is not iterable
2026-09-29 12:05:26.321 [Thread-1 (run_forever)] pyarrow_client.sockets ERROR Failed to parse market data: 'MarketTick' object is not iterable
2026-09-29 12:05:26.480 [Thread-1 (run_forever)] pyarrow_client.sockets ERROR Failed to parse market data: 'MarketTick' object is not iterable
2026-09-29 12:05:26.530 [Thread-1 (run_forever)] pyarrow_client.sockets ERROR Failed to parse market data: 'MarketTick' object is not iterable
2026-09-29 12:05:26.583 [Thread-1 (run_forever)] pyarrow_client.sockets ERROR Failed to parse market data: 'MarketTick' object is not iterable
2026-09-29 12:05:26.753 [Thread-1 (run_forever)] pyarrow_client.sockets ERROR Failed to parse market data: 'MarketTick' object is not iterable
2026-09-29 12:05:26.753 [Thread-1 (run_forever)] pyarrow_client.sockets ERROR Failed to parse market data: 'MarketTick' object is not iterable
2026-09-29 12:05:26.767 [Thread-1 (run_forever)] pyarrow_client.sockets ERROR Failed to parse market data: 'MarketTick' object is not iterable
2026-09-29 12:05:26.767 [Thread-1 (run_forever)] pyarrow_client.sockets ERROR Failed to parse market data: 'MarketTick' object is not iterable
2026-09-29 12:05:26.767 [Thread-1 (run_forever)] pyarrow_client.sockets ERROR Failed to parse market data: 'MarketTick' object is not iterable
2026-09-29 12:05:26.767 [Thread-1 (run_forever)] pyarrow_client.sockets ERROR Failed to parse market data: 'MarketTick' object is not iterable
2026-09-29 12:05:26.767 [Thread-1 (run_forever)] pyarrow_client.sockets ERROR Failed to parse market data: 'MarketTick' object is not iterable
2026-09-29 12:05:26.826 [Thread-1 (run_forever)] pyarrow_client.sockets ERROR Failed to parse market data: 'MarketTick' object is not iterable
2026-09-29 12:05:26.831 [Thread-1 (run_forever)] pyarrow_client.sockets ERROR Failed to parse market data: 'MarketTick' object is not iterable
2026-09-29 12:05:26.924 [Thread-1 (run_forever)] pyarrow_client.sockets ERROR Failed to parse market data: 'MarketTick' object is not iterable
2026-09-29 12:05:26.924 [Thread-1 (run_forever)] pyarrow_client.sockets ERROR Failed to parse market data: 'MarketTick' object is not iterable
2026-09-29 12:05:26.924 [Thread-1 (run_forever)] pyarrow_client.sockets ERROR Failed to parse market data: 'MarketTick' object is not iterable
2026-09-29 12:05:26.926 [Thread-1 (run_forever)] pyarrow_client.sockets ERROR Failed to parse market data: 'MarketTick' object is not iterable
2026-09-29 12:05:26.942 [Thread-1 (run_forever)] pyarrow_client.sockets ERROR Failed to parse market data: 'MarketTick' object is not iterable
2026-09-29 12:05:26.942 [Thread-1 (run_forever)] pyarrow_client.sockets ERROR Failed to parse market data: 'MarketTick' object is not iterable
2026-09-29 12:05:27.054 [Thread-1 (run_forever)] pyarrow_client.sockets ERROR Failed to parse market data: 'MarketTick' object is not iterable
2026-09-29 12:05:27.070 [Thread-1 (run_forever)] pyarrow_client.sockets ERROR Failed to parse market data: 'MarketTick' object is not iterable
2026-09-29 12:05:27.070 [Thread-1 (run_forever)] pyarrow_client.sockets ERROR Failed to parse market data: 'MarketTick' object is not iterable
2026-09-29 12:05:27.174 [Thread-1 (run_forever)] pyarrow_client.sockets ERROR Failed to parse market data: 'MarketTick' object is not iterable
2026-09-29 12:05:27.174 [Thread-1 (run_forever)] pyarrow_client.sockets ERROR Failed to parse market data: 'MarketTick' object is not iterable
2026-09-29 12:05:27.174 [Thread-1 (run_forever)] pyarrow_client.sockets ERROR Failed to parse market data: 'MarketTick' object is not iterable
2026-09-29 12:05:27.182 [Thread-1 (run_forever)] pyarrow_client.sockets ERROR Failed to parse market data: 'MarketTick' object is not iterable
2026-09-29 12:05:27.230 [Thread-1 (run_forever)] pyarrow_client.sockets ERROR Failed to parse market data: 'MarketTick' object is not iterable
2026-09-29 12:05:27.230 [Thread-1 (run_forever)] pyarrow_client.sockets ERROR Failed to parse market data: 'MarketTick' object is not iterable
2026-09-29 12:05:27.386 [Thread-1 (run_forever)] pyarrow_client.sockets ERROR Failed to parse market data: 'MarketTick' object is not iterable
2026-09-29 12:05:27.422 [Thread-1 (run_forever)] pyarrow_client.sockets ERROR Failed to parse market data: 'MarketTick' object is not iterable
2026-09-29 12:05:27.487 [Thread-1 (run_forever)] pyarrow_client.sockets ERROR Failed to parse market data: 'MarketTick' object is not iterable
2026-09-29 12:05:27.525 [Thread-1 (run_forever)] pyarrow_client.sockets ERROR Failed to parse market data: 'MarketTick' object is not iterable
2026-09-29 12:05:27.525 [Thread-1 (run_forever)] pyarrow_client.sockets ERROR Failed to parse market data: 'MarketTick' object is not iterable
2026-09-29 12:05:27.534 [Thread-1 (run_forever)] pyarrow_client.sockets ERROR Failed to parse market data: 'MarketTick' object is not iterable
2026-09-29 12:07:35.778 [MainThread  ] main           INFO  ============================================================
2026-09-29 12:07:35.779 [MainThread  ] main           INFO  ROLLOVER MARKET DATA SERVER
2026-09-29 12:07:35.779 [MainThread  ] main           INFO  Date: 2026-09-29 12:07:35
2026-09-29 12:07:35.779 [MainThread  ] main           INFO  Stocks: 19 | Total instruments: 57
2026-09-29 12:07:35.779 [MainThread  ] main           INFO  Market hours: 09:20 - 15:00 IST
2026-09-29 12:07:35.779 [MainThread  ] main           INFO  WebSocket: ws://127.0.0.1:8765
2026-09-29 12:07:35.779 [MainThread  ] main           INFO  ============================================================
2026-09-29 12:07:35.779 [MainThread  ] main           INFO  Step 1/4: Logging into Arrow...
2026-09-29 12:07:36.761 [MainThread  ] arrow_connector INFO  Login OK: ANKIT ANAND SHARMA (token expires at AG5406)
2026-09-29 12:07:36.761 [MainThread  ] main           INFO  Step 2/4: Resolving instruments...
2026-09-29 12:07:41.981 [MainThread  ] arrow_connector INFO  Loaded 190375 instruments from master
2026-09-29 12:07:42.095 [MainThread  ] arrow_connector INFO  Current expiry is today, rolling forward: cur=05-Oct-2026, next=05-Nov-2026
2026-09-29 12:07:42.095 [MainThread  ] arrow_connector INFO  Future expiries: current=05-Oct-2026, next=05-Nov-2026
2026-09-29 12:07:42.818 [MainThread  ] arrow_connector INFO  Resolved 19/57 tokens
2026-09-29 12:07:42.818 [MainThread  ] arrow_connector WARNING Missing tokens: ['RELIANCE_FUT_CUR', 'RELIANCE_FUT_NEXT', 'ADANIPORTS_FUT_CUR', 'ADANIPORTS_FUT_NEXT', 'ASTRAL_FUT_CUR', 'ASTRAL_FUT_NEXT', 'GRASIM_FUT_CUR', 'GRASIM_FUT_NEXT', 'HCLTECH_FUT_CUR', 'HCLTECH_FUT_NEXT', 'HDFCBANK_FUT_CUR', 'HDFCBANK_FUT_NEXT', 'INFOSYS_FUT_CUR', 'INFOSYS_FUT_NEXT', 'JSWSTEEL_FUT_CUR', 'JSWSTEEL_FUT_NEXT', 'MARUTI_FUT_CUR', 'MARUTI_FUT_NEXT', 'TCS_FUT_CUR', 'TCS_FUT_NEXT', 'TATASTEEL_FUT_CUR', 'TATASTEEL_FUT_NEXT', 'BAJFINANCE_FUT_CUR', 'BAJFINANCE_FUT_NEXT', 'SBIN_FUT_CUR', 'SBIN_FUT_NEXT', 'LT_FUT_CUR', 'LT_FUT_NEXT', 'HAL_FUT_CUR', 'HAL_FUT_NEXT', 'BANDHANBANK_FUT_CUR', 'BANDHANBANK_FUT_NEXT', 'AMBUJACEM_FUT_CUR', 'AMBUJACEM_FUT_NEXT', 'ADANIENT_FUT_CUR', 'ADANIENT_FUT_NEXT', 'INDUSINDBK_FUT_CUR', 'INDUSINDBK_FUT_NEXT']
2026-09-29 12:07:43.045 [MainThread  ] main           WARNING Some instruments could not be resolved. Check logs.
2026-09-29 12:07:43.045 [MainThread  ] main           INFO  Step 3/4: Starting WebSocket server...
2026-09-29 12:07:43.047 [MainThread  ] ws_server      INFO  WebSocket server thread starting on 127.0.0.1:8765
2026-09-29 12:07:43.149 [ws-server   ] websockets.server INFO  server listening on 127.0.0.1:8765
2026-09-29 12:07:43.149 [ws-server   ] ws_server      INFO  WebSocket server listening on ws://127.0.0.1:8765
2026-09-29 12:07:44.050 [MainThread  ] main           INFO  Step 4/4: Connecting Arrow data stream...
2026-09-29 12:07:44.050 [MainThread  ] arrow_connector INFO  Feed state: DISCONNECTED -> CONNECTING  (connecting data stream)
2026-09-29 12:07:44.050 [MainThread  ] main           INFO  ALL SYSTEMS RUNNING
2026-09-29 12:07:44.050 [MainThread  ] main           INFO    WebSocket: ws://127.0.0.1:8765
2026-09-29 12:07:44.050 [MainThread  ] main           INFO    Tick data: C:\Users\Ankit\Desktop\RS FOLDER\rollover-react\market_data_server\tick_data
2026-09-29 12:07:44.050 [MainThread  ] main           INFO    Logs: C:\Users\Ankit\Desktop\RS FOLDER\rollover-react\market_data_server\logs
2026-09-29 12:07:44.132 [Thread-1 (run_forever)] websocket      INFO  Websocket connected
2026-09-29 12:07:44.134 [Thread-1 (run_forever)] arrow_connector INFO  WebSocket CONNECTED
2026-09-29 12:07:44.134 [Thread-1 (run_forever)] arrow_connector INFO  Feed state: CONNECTING -> CONNECTED  (ws connected)
2026-09-29 12:07:44.134 [Thread-1 (run_forever)] pyarrow_client.sockets INFO  Subscribed to 19 tokens in full mode
2026-09-29 12:07:44.134 [Thread-1 (run_forever)] arrow_connector INFO  Subscribed 19 tokens to DataMode.FULL
2026-09-29 12:07:44.134 [Thread-1 (run_forever)] arrow_connector INFO  Feed state: CONNECTED -> WAITING_FOR_FRESH_BOOKS  (waiting for first ticks)
2026-09-29 12:07:44.134 [Thread-1 (run_forever)] pyarrow_client.sockets INFO  DataStream connected
2026-09-29 12:07:44.134 [Thread-1 (run_forever)] pyarrow_client.sockets INFO  Subscribed to 19 tokens in full mode
2026-09-29 12:07:44.158 [Thread-1 (run_forever)] arrow_connector INFO  Price scale verified: paise (LTP raw=119570)
2026-09-29 12:07:44.158 [Thread-1 (run_forever)] arrow_connector INFO  Feed state: WAITING_FOR_FRESH_BOOKS -> HEALTHY  (16/19 instruments have fresh data)
2026-09-29 12:07:45.055 [MainThread  ] main           INFO  STATUS | state=HEALTHY | instruments=19/19 | fresh=19 stale=0 | ticks=66 | written=0 | clients=0
2026-09-29 12:08:15.080 [MainThread  ] main           INFO  STATUS | state=HEALTHY | instruments=19/19 | fresh=19 stale=0 | ticks=1024 | written=0 | clients=0
2026-09-29 12:13:47.486 [MainThread  ] main           INFO  ============================================================
2026-09-29 12:13:47.486 [MainThread  ] main           INFO  ROLLOVER MARKET DATA SERVER
2026-09-29 12:13:47.486 [MainThread  ] main           INFO  Date: 2026-09-29 12:13:47
2026-09-29 12:13:47.486 [MainThread  ] main           INFO  Stocks: 19 | Total instruments: 57
2026-09-29 12:13:47.486 [MainThread  ] main           INFO  Market hours: 09:20 - 15:00 IST
2026-09-29 12:13:47.486 [MainThread  ] main           INFO  WebSocket: ws://127.0.0.1:8765
2026-09-29 12:13:47.486 [MainThread  ] main           INFO  ============================================================
2026-09-29 12:13:47.488 [MainThread  ] tick_store     INFO  TickStore writer thread started
2026-09-29 12:13:47.488 [MainThread  ] main           INFO  Step 1/4: Logging into Arrow...
2026-09-29 12:13:48.534 [MainThread  ] arrow_connector INFO  Login OK: ANKIT ANAND SHARMA (token expires at AG5406)
2026-09-29 12:13:48.534 [MainThread  ] main           INFO  Step 2/4: Resolving instruments...
2026-09-29 12:13:53.033 [MainThread  ] arrow_connector INFO  Loaded 190375 instruments from master
2026-09-29 12:13:53.057 [MainThread  ] arrow_connector INFO  Current expiry is today, rolling forward: cur=27-Oct-2026, next=23-Nov-2026
2026-09-29 12:13:53.057 [MainThread  ] arrow_connector INFO  Future expiries: current=27-Oct-2026, next=23-Nov-2026
2026-09-29 12:13:53.284 [MainThread  ] arrow_connector INFO  Resolved 57/57 tokens
2026-09-29 12:13:53.366 [MainThread  ] main           INFO  Step 3/4: Starting WebSocket server...
2026-09-29 12:13:53.366 [MainThread  ] ws_server      INFO  WebSocket server thread starting on 127.0.0.1:8765
2026-09-29 12:13:53.390 [ws-server   ] websockets.server INFO  server listening on 127.0.0.1:8765
2026-09-29 12:13:53.390 [ws-server   ] ws_server      INFO  WebSocket server listening on ws://127.0.0.1:8765
2026-09-29 12:13:54.367 [MainThread  ] main           INFO  Step 4/4: Connecting Arrow data stream...
2026-09-29 12:13:54.367 [MainThread  ] arrow_connector INFO  Feed state: DISCONNECTED -> CONNECTING  (connecting data stream)
2026-09-29 12:13:54.367 [MainThread  ] main           INFO  ALL SYSTEMS RUNNING
2026-09-29 12:13:54.367 [MainThread  ] main           INFO    WebSocket: ws://127.0.0.1:8765
2026-09-29 12:13:54.368 [MainThread  ] main           INFO    Tick data: C:\Users\Ankit\Desktop\RS FOLDER\rollover-react\market_data_server\tick_data
2026-09-29 12:13:54.368 [MainThread  ] main           INFO    Logs: C:\Users\Ankit\Desktop\RS FOLDER\rollover-react\market_data_server\logs
2026-09-29 12:13:54.475 [Thread-1 (run_forever)] websocket      INFO  Websocket connected
2026-09-29 12:13:54.482 [Thread-1 (run_forever)] arrow_connector INFO  WebSocket CONNECTED
2026-09-29 12:13:54.482 [Thread-1 (run_forever)] arrow_connector INFO  Feed state: CONNECTING -> CONNECTED  (ws connected)
2026-09-29 12:13:54.482 [Thread-1 (run_forever)] pyarrow_client.sockets INFO  Subscribed to 57 tokens in full mode
2026-09-29 12:13:54.482 [Thread-1 (run_forever)] arrow_connector INFO  Subscribed 57 tokens to DataMode.FULL
2026-09-29 12:13:54.482 [Thread-1 (run_forever)] arrow_connector INFO  Feed state: CONNECTED -> WAITING_FOR_FRESH_BOOKS  (waiting for first ticks)
2026-09-29 12:13:54.482 [Thread-1 (run_forever)] pyarrow_client.sockets INFO  DataStream connected
2026-09-29 12:13:54.482 [Thread-1 (run_forever)] pyarrow_client.sockets INFO  Subscribed to 57 tokens in full mode
2026-09-29 12:13:54.515 [Thread-1 (run_forever)] arrow_connector INFO  Price scale verified: paise (LTP raw=119570)
2026-09-29 12:13:54.517 [tick-writer ] tick_store     INFO  Opened tick file: C:\Users\Ankit\Desktop\RS FOLDER\rollover-react\market_data_server\tick_data\ticks_20260929.csv
2026-09-29 12:13:55.368 [MainThread  ] main           INFO  STATUS | state=WAITING_FOR_FRESH_BOOKS | instruments=57/57 | fresh=57 stale=0 | ticks=176 | written=176 | clients=0
2026-09-29 12:14:25.381 [MainThread  ] main           INFO  STATUS | state=WAITING_FOR_FRESH_BOOKS | instruments=57/57 | fresh=57 stale=0 | ticks=2393 | written=2393 | clients=0
2026-09-29 12:14:55.396 [MainThread  ] main           INFO  STATUS | state=WAITING_FOR_FRESH_BOOKS | instruments=57/57 | fresh=57 stale=0 | ticks=4689 | written=4689 | clients=0
2026-09-29 12:15:25.407 [MainThread  ] main           INFO  STATUS | state=WAITING_FOR_FRESH_BOOKS | instruments=57/57 | fresh=57 stale=0 | ticks=6995 | written=6995 | clients=0
2026-09-29 12:15:51.649 [MainThread  ] main           INFO  ============================================================
2026-09-29 12:15:51.649 [MainThread  ] main           INFO  ROLLOVER MARKET DATA SERVER
2026-09-29 12:15:51.649 [MainThread  ] main           INFO  Date: 2026-09-29 12:15:51
2026-09-29 12:15:51.649 [MainThread  ] main           INFO  Stocks: 19 | Total instruments: 57
2026-09-29 12:15:51.649 [MainThread  ] main           INFO  Market hours: 09:20 - 15:00 IST
2026-09-29 12:15:51.649 [MainThread  ] main           INFO  WebSocket: ws://127.0.0.1:8765
2026-09-29 12:15:51.649 [MainThread  ] main           INFO  ============================================================
2026-09-29 12:15:51.649 [MainThread  ] tick_store     INFO  TickStore writer thread started
2026-09-29 12:15:51.649 [MainThread  ] main           INFO  Step 1/4: Logging into Arrow...
2026-09-29 12:15:52.514 [MainThread  ] arrow_connector INFO  Login OK: ANKIT ANAND SHARMA (token expires at AG5406)
2026-09-29 12:15:52.514 [MainThread  ] main           INFO  Step 2/4: Resolving instruments...
2026-09-29 12:16:04.941 [MainThread  ] arrow_connector INFO  Loaded 190375 instruments from master
2026-09-29 12:16:05.099 [MainThread  ] arrow_connector INFO  Current expiry is today, rolling forward: cur=27-Oct-2026, next=23-Nov-2026
2026-09-29 12:16:05.099 [MainThread  ] arrow_connector INFO  Future expiries: current=27-Oct-2026, next=23-Nov-2026
2026-09-29 12:16:05.848 [MainThread  ] arrow_connector INFO  Resolved 57/57 tokens
2026-09-29 12:16:06.084 [MainThread  ] main           INFO  Step 3/4: Starting WebSocket server...
2026-09-29 12:16:06.084 [MainThread  ] ws_server      INFO  WebSocket server thread starting on 127.0.0.1:8765
2026-09-29 12:16:06.178 [ws-server   ] websockets.server INFO  server listening on 127.0.0.1:8765
2026-09-29 12:16:06.178 [ws-server   ] ws_server      INFO  WebSocket server listening on ws://127.0.0.1:8765
2026-09-29 12:16:07.097 [MainThread  ] main           INFO  Step 4/4: Connecting Arrow data stream...
2026-09-29 12:16:07.097 [MainThread  ] arrow_connector INFO  Feed state: DISCONNECTED -> CONNECTING  (connecting data stream)
2026-09-29 12:16:07.097 [MainThread  ] main           INFO  ALL SYSTEMS RUNNING
2026-09-29 12:16:07.097 [MainThread  ] main           INFO    WebSocket: ws://127.0.0.1:8765
2026-09-29 12:16:07.097 [MainThread  ] main           INFO    Tick data: C:\Users\Ankit\Desktop\RS FOLDER\rollover-react\market_data_server\tick_data
2026-09-29 12:16:07.100 [MainThread  ] main           INFO    Logs: C:\Users\Ankit\Desktop\RS FOLDER\rollover-react\market_data_server\logs
2026-09-29 12:16:07.183 [Thread-1 (run_forever)] websocket      INFO  Websocket connected
2026-09-29 12:16:07.199 [Thread-1 (run_forever)] arrow_connector INFO  WebSocket CONNECTED
2026-09-29 12:16:07.199 [Thread-1 (run_forever)] arrow_connector INFO  Feed state: CONNECTING -> CONNECTED  (ws connected)
2026-09-29 12:16:07.199 [Thread-1 (run_forever)] pyarrow_client.sockets INFO  Subscribed to 57 tokens in full mode
2026-09-29 12:16:07.199 [Thread-1 (run_forever)] arrow_connector INFO  Subscribed 57 tokens to DataMode.FULL
2026-09-29 12:16:07.199 [Thread-1 (run_forever)] arrow_connector INFO  Feed state: CONNECTED -> WAITING_FOR_FRESH_BOOKS  (waiting for first ticks)
2026-09-29 12:16:07.199 [Thread-1 (run_forever)] pyarrow_client.sockets INFO  DataStream connected
2026-09-29 12:16:07.199 [Thread-1 (run_forever)] pyarrow_client.sockets INFO  Subscribed to 57 tokens in full mode
2026-09-29 12:16:07.215 [Thread-1 (run_forever)] arrow_connector INFO  Price scale verified: paise (LTP raw=119600)
2026-09-29 12:16:07.231 [tick-writer ] tick_store     INFO  Opened tick file: C:\Users\Ankit\Desktop\RS FOLDER\rollover-react\market_data_server\tick_data\ticks_20260929.csv
2026-09-29 12:16:07.242 [Thread-1 (run_forever)] arrow_connector INFO  Feed state: WAITING_FOR_FRESH_BOOKS -> HEALTHY  (46/57 tokens have fresh data)
2026-09-29 12:16:08.101 [MainThread  ] main           INFO  STATUS | state=HEALTHY | instruments=57/57 | fresh=57 stale=0 | ticks=184 | written=184 | clients=0
2026-09-29 12:16:38.139 [MainThread  ] main           INFO  STATUS | state=HEALTHY | instruments=57/57 | fresh=57 stale=0 | ticks=2491 | written=2491 | clients=0
2026-09-29 12:24:35.211 [MainThread  ] main           INFO  STATUS | state=HEALTHY | instruments=57/57 | fresh=0 stale=57 | ticks=3005 | written=3005 | clients=0
2026-09-29 12:24:42.587 [Thread-24   ] pyarrow_client.sockets WARNING Read timeout, closing connection
